2026-02-26 10:48:25 - thingsboard-forecast - INFO - ============================================================
2026-02-26 10:48:25 - thingsboard-forecast - INFO - Starting thingsboard-power-forecast-api v1.0.0
2026-02-26 10:48:25 - thingsboard-forecast - INFO - ============================================================
2026-02-26 10:48:25 - thingsboard-forecast - INFO - Configuration validated successfully
2026-02-26 10:48:25 - thingsboard-forecast - INFO - ThingsBoard Host: https://cloud.thingsnode.cc
2026-02-26 10:48:25 - thingsboard-forecast - INFO - Default Target Level: 3
2026-02-26 10:48:25 - thingsboard-forecast - INFO - Timezone: Asia/Colombo
2026-02-26 10:48:25 - thingsboard-forecast - INFO - API is ready to accept requests
2026-02-26 10:48:25 - thingsboard-forecast - INFO - ============================================================
2026-02-26 10:51:33 - thingsboard-forecast - INFO - ============================================================
2026-02-26 10:51:33 - thingsboard-forecast - INFO - Shutting down API service
2026-02-26 10:51:33 - thingsboard-forecast - INFO - ============================================================
2026-02-26 10:51:35 - thingsboard-forecast - INFO - ============================================================
2026-02-26 10:51:35 - thingsboard-forecast - INFO - Starting thingsboard-power-forecast-api v1.0.0
2026-02-26 10:51:35 - thingsboard-forecast - INFO - ============================================================
2026-02-26 10:51:35 - thingsboard-forecast - INFO - Configuration validated successfully
2026-02-26 10:51:35 - thingsboard-forecast - INFO - ThingsBoard Host: https://cloud.thingsnode.cc
2026-02-26 10:51:35 - thingsboard-forecast - INFO - Default Target Level: 3
2026-02-26 10:51:35 - thingsboard-forecast - INFO - Timezone: Asia/Colombo
2026-02-26 10:51:35 - thingsboard-forecast - INFO - API is ready to accept requests
2026-02-26 10:51:35 - thingsboard-forecast - INFO - ============================================================
2026-02-26 10:51:37 - thingsboard-forecast - INFO - ============================================================
2026-02-26 10:51:37 - thingsboard-forecast - INFO - Starting thingsboard-power-forecast-api v1.0.0
2026-02-26 10:51:37 - thingsboard-forecast - INFO - ============================================================
2026-02-26 10:51:37 - thingsboard-forecast - INFO - Configuration validated successfully
2026-02-26 10:51:37 - thingsboard-forecast - INFO - ThingsBoard Host: https://cloud.thingsnode.cc
2026-02-26 10:51:37 - thingsboard-forecast - INFO - Default Target Level: 3
2026-02-26 10:51:37 - thingsboard-forecast - INFO - Timezone: Asia/Colombo
2026-02-26 10:51:37 - thingsboard-forecast - INFO - API is ready to accept requests
2026-02-26 10:51:37 - thingsboard-forecast - INFO - ============================================================
2026-02-26 10:51:41 - thingsboard-forecast - INFO - ============================================================
2026-02-26 10:51:41 - thingsboard-forecast - INFO - Shutting down API service
2026-02-26 10:51:41 - thingsboard-forecast - INFO - ============================================================
2026-02-26 10:51:43 - thingsboard-forecast - INFO - ============================================================
2026-02-26 10:51:43 - thingsboard-forecast - INFO - Starting thingsboard-power-forecast-api v1.0.0
2026-02-26 10:51:43 - thingsboard-forecast - INFO - ============================================================
2026-02-26 10:51:43 - thingsboard-forecast - INFO - Configuration validated successfully
2026-02-26 10:51:43 - thingsboard-forecast - INFO - ThingsBoard Host: https://cloud.thingsnode.cc
2026-02-26 10:51:43 - thingsboard-forecast - INFO - Default Target Level: 3
2026-02-26 10:51:43 - thingsboard-forecast - INFO - Timezone: Asia/Colombo
2026-02-26 10:51:43 - thingsboard-forecast - INFO - API is ready to accept requests
2026-02-26 10:51:43 - thingsboard-forecast - INFO - ============================================================
2026-02-26 10:52:01 - thingsboard-forecast - INFO - Authenticating with ThingsBoard...
2026-02-26 10:52:02 - thingsboard-forecast - INFO - Successfully authenticated with ThingsBoard
2026-02-26 10:52:05 - thingsboard-forecast - INFO - ============================================================
2026-02-26 10:52:05 - thingsboard-forecast - INFO - Shutting down API service
2026-02-26 10:52:05 - thingsboard-forecast - INFO - ============================================================
2026-02-26 10:52:08 - thingsboard-forecast - INFO - ============================================================
2026-02-26 10:52:08 - thingsboard-forecast - INFO - Starting thingsboard-power-forecast-api v1.0.0
2026-02-26 10:52:08 - thingsboard-forecast - INFO - ============================================================
2026-02-26 10:52:08 - thingsboard-forecast - INFO - Configuration validated successfully
2026-02-26 10:52:08 - thingsboard-forecast - INFO - ThingsBoard Host: https://cloud.thingsnode.cc
2026-02-26 10:52:08 - thingsboard-forecast - INFO - Default Target Level: 3
2026-02-26 10:52:08 - thingsboard-forecast - INFO - Timezone: Asia/Colombo
2026-02-26 10:52:08 - thingsboard-forecast - INFO - API is ready to accept requests
2026-02-26 10:52:08 - thingsboard-forecast - INFO - ============================================================
2026-02-26 10:54:47 - thingsboard-forecast - INFO - ============================================================
2026-02-26 10:54:47 - thingsboard-forecast - INFO - Shutting down API service
2026-02-26 10:54:47 - thingsboard-forecast - INFO - ============================================================
2026-02-26 10:54:49 - thingsboard-forecast - INFO - ============================================================
2026-02-26 10:54:49 - thingsboard-forecast - INFO - Starting thingsboard-power-forecast-api v1.0.0
2026-02-26 10:54:49 - thingsboard-forecast - INFO - ============================================================
2026-02-26 10:54:49 - thingsboard-forecast - INFO - Configuration validated successfully
2026-02-26 10:54:49 - thingsboard-forecast - INFO - ThingsBoard Host: https://cloud.thingsnode.cc
2026-02-26 10:54:49 - thingsboard-forecast - INFO - Default Target Level: 3
2026-02-26 10:54:49 - thingsboard-forecast - INFO - Timezone: Asia/Colombo
2026-02-26 10:54:49 - thingsboard-forecast - INFO - API is ready to accept requests
2026-02-26 10:54:49 - thingsboard-forecast - INFO - ============================================================
2026-02-26 10:54:52 - thingsboard-forecast - INFO - ============================================================
2026-02-26 10:54:52 - thingsboard-forecast - INFO - Starting thingsboard-power-forecast-api v1.0.0
2026-02-26 10:54:52 - thingsboard-forecast - INFO - ============================================================
2026-02-26 10:54:52 - thingsboard-forecast - INFO - Configuration validated successfully
2026-02-26 10:54:52 - thingsboard-forecast - INFO - ThingsBoard Host: https://cloud.thingsnode.cc
2026-02-26 10:54:52 - thingsboard-forecast - INFO - Default Target Level: 3
2026-02-26 10:54:52 - thingsboard-forecast - INFO - Timezone: Asia/Colombo
2026-02-26 10:54:52 - thingsboard-forecast - INFO - API is ready to accept requests
2026-02-26 10:54:52 - thingsboard-forecast - INFO - ============================================================
2026-02-26 10:56:04 - thingsboard-forecast - INFO - ============================================================
2026-02-26 10:56:04 - thingsboard-forecast - INFO - Shutting down API service
2026-02-26 10:56:04 - thingsboard-forecast - INFO - ============================================================
2026-02-26 10:56:06 - thingsboard-forecast - INFO - ============================================================
2026-02-26 10:56:06 - thingsboard-forecast - INFO - Starting thingsboard-power-forecast-api v1.0.0
2026-02-26 10:56:06 - thingsboard-forecast - INFO - ============================================================
2026-02-26 10:56:06 - thingsboard-forecast - INFO - Configuration validated successfully
2026-02-26 10:56:06 - thingsboard-forecast - INFO - ThingsBoard Host: https://cloud.thingsnode.cc
2026-02-26 10:56:06 - thingsboard-forecast - INFO - Default Target Level: 3
2026-02-26 10:56:06 - thingsboard-forecast - INFO - Timezone: Asia/Colombo
2026-02-26 10:56:06 - thingsboard-forecast - INFO - API is ready to accept requests
2026-02-26 10:56:06 - thingsboard-forecast - INFO - ============================================================
2026-02-26 10:56:16 - thingsboard-forecast - INFO - ============================================================
2026-02-26 10:56:16 - thingsboard-forecast - INFO - Shutting down API service
2026-02-26 10:56:16 - thingsboard-forecast - INFO - ============================================================
2026-02-26 10:56:18 - thingsboard-forecast - INFO - ============================================================
2026-02-26 10:56:18 - thingsboard-forecast - INFO - Starting thingsboard-power-forecast-api v1.0.0
2026-02-26 10:56:18 - thingsboard-forecast - INFO - ============================================================
2026-02-26 10:56:18 - thingsboard-forecast - INFO - Configuration validated successfully
2026-02-26 10:56:18 - thingsboard-forecast - INFO - ThingsBoard Host: https://cloud.thingsnode.cc
2026-02-26 10:56:18 - thingsboard-forecast - INFO - Default Target Level: 3
2026-02-26 10:56:18 - thingsboard-forecast - INFO - Timezone: Asia/Colombo
2026-02-26 10:56:18 - thingsboard-forecast - INFO - API is ready to accept requests
2026-02-26 10:56:18 - thingsboard-forecast - INFO - ============================================================
2026-02-26 10:56:50 - thingsboard-forecast - INFO - ============================================================
2026-02-26 10:56:50 - thingsboard-forecast - INFO - Shutting down API service
2026-02-26 10:56:50 - thingsboard-forecast - INFO - ============================================================
2026-02-26 10:56:51 - thingsboard-forecast - INFO - ============================================================
2026-02-26 10:56:51 - thingsboard-forecast - INFO - Starting thingsboard-power-forecast-api v1.0.0
2026-02-26 10:56:51 - thingsboard-forecast - INFO - ============================================================
2026-02-26 10:56:51 - thingsboard-forecast - INFO - Configuration validated successfully
2026-02-26 10:56:51 - thingsboard-forecast - INFO - ThingsBoard Host: https://cloud.thingsnode.cc
2026-02-26 10:56:51 - thingsboard-forecast - INFO - Default Target Level: 3
2026-02-26 10:56:51 - thingsboard-forecast - INFO - Timezone: Asia/Colombo
2026-02-26 10:56:51 - thingsboard-forecast - INFO - API is ready to accept requests
2026-02-26 10:56:51 - thingsboard-forecast - INFO - ============================================================
2026-02-26 10:56:58 - thingsboard-forecast - INFO - ============================================================
2026-02-26 10:56:58 - thingsboard-forecast - INFO - Shutting down API service
2026-02-26 10:56:58 - thingsboard-forecast - INFO - ============================================================
2026-02-26 10:57:02 - thingsboard-forecast - INFO - ============================================================
2026-02-26 10:57:02 - thingsboard-forecast - INFO - Starting thingsboard-power-forecast-api v1.0.0
2026-02-26 10:57:02 - thingsboard-forecast - INFO - ============================================================
2026-02-26 10:57:02 - thingsboard-forecast - INFO - Configuration validated successfully
2026-02-26 10:57:02 - thingsboard-forecast - INFO - ThingsBoard Host: https://cloud.thingsnode.cc
2026-02-26 10:57:02 - thingsboard-forecast - INFO - Default Target Level: 3
2026-02-26 10:57:02 - thingsboard-forecast - INFO - Timezone: Asia/Colombo
2026-02-26 10:57:02 - thingsboard-forecast - INFO - API is ready to accept requests
2026-02-26 10:57:02 - thingsboard-forecast - INFO - ============================================================
2026-02-26 10:57:48 - thingsboard-forecast - INFO - Received forecast request for asset: 78fda490-e08b-11f0-b68f-8f33a9d74e0c | already_have=True | start=2026-02-24 end=2026-04-30
2026-02-26 10:57:48 - thingsboard-forecast - INFO - Authenticating with ThingsBoard...
2026-02-26 10:57:49 - thingsboard-forecast - INFO - Successfully authenticated with ThingsBoard
2026-02-26 10:57:50 - thingsboard-forecast - INFO - Created job e830118b-9c4e-45c2-9e04-1ada712ef30f for asset 78fda490-e08b-11f0-b68f-8f33a9d74e0c
2026-02-26 10:57:50 - thingsboard-forecast - INFO - Forecast job e830118b-9c4e-45c2-9e04-1ada712ef30f started in background
2026-02-26 10:57:50 - thingsboard-forecast - INFO - Starting forecast job e830118b-9c4e-45c2-9e04-1ada712ef30f for main asset 78fda490-e08b-11f0-b68f-8f33a9d74e0c | already_have=True | start=2026-02-24T00:00:00 end=2026-04-30T00:00:00
2026-02-26 10:57:50 - thingsboard-forecast - INFO - Job e830118b-9c4e-45c2-9e04-1ada712ef30f status updated to running
2026-02-26 10:57:50 - thingsboard-forecast - INFO - Retrieving hierarchy from 78fda490-e08b-11f0-b68f-8f33a9d74e0c
2026-02-26 10:57:50 - thingsboard-forecast - INFO - Authenticating with ThingsBoard...
2026-02-26 10:57:51 - thingsboard-forecast - INFO - Successfully authenticated with ThingsBoard
2026-02-26 10:57:53 - thingsboard-forecast - INFO - Hierarchy resolved for 78fda490-e08b-11f0-b68f-8f33a9d74e0c: level2=7, level3=11
2026-02-26 10:57:53 - thingsboard-forecast - INFO - Processing level-3 asset 1/11: f1b84100-e564-11f0-b68f-8f33a9d74e0c
2026-02-26 10:57:53 - thingsboard-forecast - INFO - Processing asset f1b84100-e564-11f0-b68f-8f33a9d74e0c
2026-02-26 10:57:54 - thingsboard-forecast - INFO - Retrieved 3 attributes for f1b84100-e564-11f0-b68f-8f33a9d74e0c
2026-02-26 10:57:54 - thingsboard-forecast - WARNING - Asset f1b84100-e564-11f0-b68f-8f33a9d74e0c missing required attributes: ['latitude', 'longitude', 'orientation', 'pv_module_area', 'inverter_power']
2026-02-26 10:57:54 - thingsboard-forecast - WARNING - Job e830118b-9c4e-45c2-9e04-1ada712ef30f - Asset f1b84100-e564-11f0-b68f-8f33a9d74e0c error: missing_required_attributes
2026-02-26 10:57:54 - thingsboard-forecast - INFO - Processing level-3 asset 2/11: 6bbf4050-e08a-11f0-b68f-8f33a9d74e0c
2026-02-26 10:57:54 - thingsboard-forecast - INFO - Processing asset 6bbf4050-e08a-11f0-b68f-8f33a9d74e0c
2026-02-26 10:57:54 - thingsboard-forecast - INFO - Retrieved 1 attributes for 6bbf4050-e08a-11f0-b68f-8f33a9d74e0c
2026-02-26 10:57:54 - thingsboard-forecast - WARNING - Asset 6bbf4050-e08a-11f0-b68f-8f33a9d74e0c missing required attributes: ['latitude', 'longitude', 'orientation', 'pv_module_area', 'inverter_power']
2026-02-26 10:57:54 - thingsboard-forecast - WARNING - Job e830118b-9c4e-45c2-9e04-1ada712ef30f - Asset 6bbf4050-e08a-11f0-b68f-8f33a9d74e0c error: missing_required_attributes
2026-02-26 10:57:54 - thingsboard-forecast - INFO - Processing level-3 asset 3/11: c5437c70-e564-11f0-b68f-8f33a9d74e0c
2026-02-26 10:57:54 - thingsboard-forecast - INFO - Processing asset c5437c70-e564-11f0-b68f-8f33a9d74e0c
2026-02-26 10:57:54 - thingsboard-forecast - INFO - Retrieved 1 attributes for c5437c70-e564-11f0-b68f-8f33a9d74e0c
2026-02-26 10:57:54 - thingsboard-forecast - WARNING - Asset c5437c70-e564-11f0-b68f-8f33a9d74e0c missing required attributes: ['latitude', 'longitude', 'orientation', 'pv_module_area', 'inverter_power']
2026-02-26 10:57:54 - thingsboard-forecast - WARNING - Job e830118b-9c4e-45c2-9e04-1ada712ef30f - Asset c5437c70-e564-11f0-b68f-8f33a9d74e0c error: missing_required_attributes
2026-02-26 10:57:54 - thingsboard-forecast - INFO - Processing level-3 asset 4/11: baa26d70-e565-11f0-b68f-8f33a9d74e0c
2026-02-26 10:57:54 - thingsboard-forecast - INFO - Processing asset baa26d70-e565-11f0-b68f-8f33a9d74e0c
2026-02-26 10:57:54 - thingsboard-forecast - INFO - Retrieved 3 attributes for baa26d70-e565-11f0-b68f-8f33a9d74e0c
2026-02-26 10:57:54 - thingsboard-forecast - WARNING - Asset baa26d70-e565-11f0-b68f-8f33a9d74e0c missing required attributes: ['latitude', 'longitude', 'orientation', 'pv_module_area', 'inverter_power']
2026-02-26 10:57:54 - thingsboard-forecast - WARNING - Job e830118b-9c4e-45c2-9e04-1ada712ef30f - Asset baa26d70-e565-11f0-b68f-8f33a9d74e0c error: missing_required_attributes
2026-02-26 10:57:54 - thingsboard-forecast - INFO - Processing level-3 asset 5/11: e548daa0-e565-11f0-b68f-8f33a9d74e0c
2026-02-26 10:57:54 - thingsboard-forecast - INFO - Processing asset e548daa0-e565-11f0-b68f-8f33a9d74e0c
2026-02-26 10:57:55 - thingsboard-forecast - INFO - Retrieved 1 attributes for e548daa0-e565-11f0-b68f-8f33a9d74e0c
2026-02-26 10:57:55 - thingsboard-forecast - WARNING - Asset e548daa0-e565-11f0-b68f-8f33a9d74e0c missing required attributes: ['latitude', 'longitude', 'orientation', 'pv_module_area', 'inverter_power']
2026-02-26 10:57:55 - thingsboard-forecast - WARNING - Job e830118b-9c4e-45c2-9e04-1ada712ef30f - Asset e548daa0-e565-11f0-b68f-8f33a9d74e0c error: missing_required_attributes
2026-02-26 10:57:55 - thingsboard-forecast - INFO - Processing level-3 asset 6/11: d42a87a0-e565-11f0-b68f-8f33a9d74e0c
2026-02-26 10:57:55 - thingsboard-forecast - INFO - Processing asset d42a87a0-e565-11f0-b68f-8f33a9d74e0c
2026-02-26 10:57:55 - thingsboard-forecast - INFO - Retrieved 3 attributes for d42a87a0-e565-11f0-b68f-8f33a9d74e0c
2026-02-26 10:57:55 - thingsboard-forecast - WARNING - Asset d42a87a0-e565-11f0-b68f-8f33a9d74e0c missing required attributes: ['latitude', 'longitude', 'orientation', 'pv_module_area', 'inverter_power']
2026-02-26 10:57:55 - thingsboard-forecast - WARNING - Job e830118b-9c4e-45c2-9e04-1ada712ef30f - Asset d42a87a0-e565-11f0-b68f-8f33a9d74e0c error: missing_required_attributes
2026-02-26 10:57:55 - thingsboard-forecast - INFO - Processing level-3 asset 7/11: 585b86f0-08a7-11f1-8bdd-cfe25c37864b
2026-02-26 10:57:55 - thingsboard-forecast - INFO - Processing asset 585b86f0-08a7-11f1-8bdd-cfe25c37864b
2026-02-26 10:57:55 - thingsboard-forecast - INFO - Retrieved 2 attributes for 585b86f0-08a7-11f1-8bdd-cfe25c37864b
2026-02-26 10:57:55 - thingsboard-forecast - WARNING - Asset 585b86f0-08a7-11f1-8bdd-cfe25c37864b missing required attributes: ['latitude', 'longitude', 'orientation', 'pv_module_area', 'inverter_power']
2026-02-26 10:57:55 - thingsboard-forecast - WARNING - Job e830118b-9c4e-45c2-9e04-1ada712ef30f - Asset 585b86f0-08a7-11f1-8bdd-cfe25c37864b error: missing_required_attributes
2026-02-26 10:57:55 - thingsboard-forecast - INFO - Processing level-3 asset 8/11: 064d18f0-e56c-11f0-b68f-8f33a9d74e0c
2026-02-26 10:57:55 - thingsboard-forecast - INFO - Processing asset 064d18f0-e56c-11f0-b68f-8f33a9d74e0c
2026-02-26 10:57:55 - thingsboard-forecast - INFO - Retrieved 3 attributes for 064d18f0-e56c-11f0-b68f-8f33a9d74e0c
2026-02-26 10:57:55 - thingsboard-forecast - WARNING - Asset 064d18f0-e56c-11f0-b68f-8f33a9d74e0c missing required attributes: ['latitude', 'longitude', 'orientation', 'pv_module_area', 'inverter_power']
2026-02-26 10:57:55 - thingsboard-forecast - WARNING - Job e830118b-9c4e-45c2-9e04-1ada712ef30f - Asset 064d18f0-e56c-11f0-b68f-8f33a9d74e0c error: missing_required_attributes
2026-02-26 10:57:55 - thingsboard-forecast - INFO - Processing level-3 asset 9/11: 33420a00-e56c-11f0-b68f-8f33a9d74e0c
2026-02-26 10:57:55 - thingsboard-forecast - INFO - Processing asset 33420a00-e56c-11f0-b68f-8f33a9d74e0c
2026-02-26 10:57:56 - thingsboard-forecast - INFO - Retrieved 1 attributes for 33420a00-e56c-11f0-b68f-8f33a9d74e0c
2026-02-26 10:57:56 - thingsboard-forecast - WARNING - Asset 33420a00-e56c-11f0-b68f-8f33a9d74e0c missing required attributes: ['latitude', 'longitude', 'orientation', 'pv_module_area', 'inverter_power']
2026-02-26 10:57:56 - thingsboard-forecast - WARNING - Job e830118b-9c4e-45c2-9e04-1ada712ef30f - Asset 33420a00-e56c-11f0-b68f-8f33a9d74e0c error: missing_required_attributes
2026-02-26 10:57:56 - thingsboard-forecast - INFO - Processing level-3 asset 10/11: 011fb860-08a8-11f1-8bdd-cfe25c37864b
2026-02-26 10:57:56 - thingsboard-forecast - INFO - Processing asset 011fb860-08a8-11f1-8bdd-cfe25c37864b
2026-02-26 10:57:56 - thingsboard-forecast - INFO - Retrieved 2 attributes for 011fb860-08a8-11f1-8bdd-cfe25c37864b
2026-02-26 10:57:56 - thingsboard-forecast - WARNING - Asset 011fb860-08a8-11f1-8bdd-cfe25c37864b missing required attributes: ['latitude', 'longitude', 'orientation', 'pv_module_area', 'inverter_power']
2026-02-26 10:57:56 - thingsboard-forecast - WARNING - Job e830118b-9c4e-45c2-9e04-1ada712ef30f - Asset 011fb860-08a8-11f1-8bdd-cfe25c37864b error: missing_required_attributes
2026-02-26 10:57:56 - thingsboard-forecast - INFO - Processing level-3 asset 11/11: 891165b0-08a9-11f1-8bdd-cfe25c37864b
2026-02-26 10:57:56 - thingsboard-forecast - INFO - Processing asset 891165b0-08a9-11f1-8bdd-cfe25c37864b
2026-02-26 10:57:56 - thingsboard-forecast - INFO - Retrieved 2 attributes for 891165b0-08a9-11f1-8bdd-cfe25c37864b
2026-02-26 10:57:56 - thingsboard-forecast - WARNING - Asset 891165b0-08a9-11f1-8bdd-cfe25c37864b missing required attributes: ['latitude', 'longitude', 'orientation', 'pv_module_area', 'inverter_power']
2026-02-26 10:57:56 - thingsboard-forecast - WARNING - Job e830118b-9c4e-45c2-9e04-1ada712ef30f - Asset 891165b0-08a9-11f1-8bdd-cfe25c37864b error: missing_required_attributes
2026-02-26 10:57:56 - thingsboard-forecast - WARNING - No successful level-3 telemetry to roll up for level-2 asset 2e68a010-e08b-11f0-b68f-8f33a9d74e0c
2026-02-26 10:57:56 - thingsboard-forecast - WARNING - No successful level-3 telemetry to roll up for level-2 asset 542eab00-e559-11f0-b68f-8f33a9d74e0c
2026-02-26 10:57:56 - thingsboard-forecast - WARNING - No successful level-3 telemetry to roll up for level-2 asset 5bc1d660-e55b-11f0-b68f-8f33a9d74e0c
2026-02-26 10:57:56 - thingsboard-forecast - WARNING - No successful level-3 telemetry to roll up for level-2 asset 922edf70-e55d-11f0-b68f-8f33a9d74e0c
2026-02-26 10:57:56 - thingsboard-forecast - WARNING - No successful level-3 telemetry to roll up for level-2 asset f3b48730-e559-11f0-b68f-8f33a9d74e0c
2026-02-26 10:57:56 - thingsboard-forecast - WARNING - No successful level-3 telemetry to roll up for level-2 asset e3722a60-e55b-11f0-b68f-8f33a9d74e0c
2026-02-26 10:57:56 - thingsboard-forecast - WARNING - No successful level-3 telemetry to roll up for level-2 asset 3bbe5780-e55b-11f0-b68f-8f33a9d74e0c
2026-02-26 10:57:56 - thingsboard-forecast - WARNING - No level-2 telemetry available for rollup to level-1 asset 78fda490-e08b-11f0-b68f-8f33a9d74e0c
2026-02-26 10:57:56 - thingsboard-forecast - WARNING - Skipping level-0 sending device rollup because level-1 rollup payload is empty for 78fda490-e08b-11f0-b68f-8f33a9d74e0c
2026-02-26 10:57:56 - thingsboard-forecast - INFO - Job e830118b-9c4e-45c2-9e04-1ada712ef30f Roll-up summary: level2_assets_written=0, level2_records_written=0, level1_records_written=0, level0_devices_written=0, level0_records_written=0
2026-02-26 10:57:56 - thingsboard-forecast - INFO - Forecast job e830118b-9c4e-45c2-9e04-1ada712ef30f completed: 0 successful, 0 failed, 11 skipped
2026-02-26 10:57:56 - thingsboard-forecast - INFO - Job e830118b-9c4e-45c2-9e04-1ada712ef30f status updated to completed
2026-02-26 10:59:17 - thingsboard-forecast - INFO - ============================================================
2026-02-26 10:59:17 - thingsboard-forecast - INFO - Shutting down API service
2026-02-26 10:59:17 - thingsboard-forecast - INFO - ============================================================
2026-02-26 10:59:20 - thingsboard-forecast - INFO - ============================================================
2026-02-26 10:59:20 - thingsboard-forecast - INFO - Starting thingsboard-power-forecast-api v1.0.0
2026-02-26 10:59:20 - thingsboard-forecast - INFO - ============================================================
2026-02-26 10:59:20 - thingsboard-forecast - INFO - Configuration validated successfully
2026-02-26 10:59:20 - thingsboard-forecast - INFO - ThingsBoard Host: https://cloud.thingsnode.cc
2026-02-26 10:59:20 - thingsboard-forecast - INFO - Default Target Level: 3
2026-02-26 10:59:20 - thingsboard-forecast - INFO - Timezone: Asia/Colombo
2026-02-26 10:59:20 - thingsboard-forecast - INFO - API is ready to accept requests
2026-02-26 10:59:20 - thingsboard-forecast - INFO - ============================================================
2026-02-26 10:59:30 - thingsboard-forecast - INFO - ============================================================
2026-02-26 10:59:30 - thingsboard-forecast - INFO - Shutting down API service
2026-02-26 10:59:30 - thingsboard-forecast - INFO - ============================================================
2026-02-26 10:59:33 - thingsboard-forecast - INFO - ============================================================
2026-02-26 10:59:33 - thingsboard-forecast - INFO - Starting thingsboard-power-forecast-api v1.0.0
2026-02-26 10:59:33 - thingsboard-forecast - INFO - ============================================================
2026-02-26 10:59:33 - thingsboard-forecast - INFO - Configuration validated successfully
2026-02-26 10:59:33 - thingsboard-forecast - INFO - ThingsBoard Host: https://cloud.thingsnode.cc
2026-02-26 10:59:33 - thingsboard-forecast - INFO - Default Target Level: 3
2026-02-26 10:59:33 - thingsboard-forecast - INFO - Timezone: Asia/Colombo
2026-02-26 10:59:33 - thingsboard-forecast - INFO - API is ready to accept requests
2026-02-26 10:59:33 - thingsboard-forecast - INFO - ============================================================
2026-02-26 10:59:39 - thingsboard-forecast - INFO - ============================================================
2026-02-26 10:59:39 - thingsboard-forecast - INFO - Shutting down API service
2026-02-26 10:59:39 - thingsboard-forecast - INFO - ============================================================
2026-02-26 10:59:40 - thingsboard-forecast - INFO - ============================================================
2026-02-26 10:59:40 - thingsboard-forecast - INFO - Starting thingsboard-power-forecast-api v1.0.0
2026-02-26 10:59:40 - thingsboard-forecast - INFO - ============================================================
2026-02-26 10:59:40 - thingsboard-forecast - INFO - Configuration validated successfully
2026-02-26 10:59:40 - thingsboard-forecast - INFO - ThingsBoard Host: https://cloud.thingsnode.cc
2026-02-26 10:59:40 - thingsboard-forecast - INFO - Default Target Level: 3
2026-02-26 10:59:40 - thingsboard-forecast - INFO - Timezone: Asia/Colombo
2026-02-26 10:59:40 - thingsboard-forecast - INFO - API is ready to accept requests
2026-02-26 10:59:40 - thingsboard-forecast - INFO - ============================================================
2026-02-26 10:59:45 - thingsboard-forecast - INFO - Received forecast request for asset: 78fda490-e08b-11f0-b68f-8f33a9d74e0c | already_have=True | start=2026-02-24 end=2026-04-30
2026-02-26 10:59:45 - thingsboard-forecast - INFO - Authenticating with ThingsBoard...
2026-02-26 10:59:46 - thingsboard-forecast - INFO - Successfully authenticated with ThingsBoard
2026-02-26 10:59:47 - thingsboard-forecast - INFO - Created job 062739d7-e7f3-49e1-92ff-af73369cfc1d for asset 78fda490-e08b-11f0-b68f-8f33a9d74e0c
2026-02-26 10:59:47 - thingsboard-forecast - INFO - Forecast job 062739d7-e7f3-49e1-92ff-af73369cfc1d started in background
2026-02-26 10:59:47 - thingsboard-forecast - INFO - Starting forecast job 062739d7-e7f3-49e1-92ff-af73369cfc1d for main asset 78fda490-e08b-11f0-b68f-8f33a9d74e0c | already_have=True | start=2026-02-24T00:00:00 end=2026-04-30T00:00:00
2026-02-26 10:59:47 - thingsboard-forecast - INFO - Job 062739d7-e7f3-49e1-92ff-af73369cfc1d status updated to running
2026-02-26 10:59:47 - thingsboard-forecast - INFO - Retrieving hierarchy from 78fda490-e08b-11f0-b68f-8f33a9d74e0c
2026-02-26 10:59:47 - thingsboard-forecast - INFO - Authenticating with ThingsBoard...
2026-02-26 10:59:48 - thingsboard-forecast - INFO - Successfully authenticated with ThingsBoard
2026-02-26 10:59:50 - thingsboard-forecast - INFO - Hierarchy resolved for 78fda490-e08b-11f0-b68f-8f33a9d74e0c: level2=7, level3=11
2026-02-26 10:59:50 - thingsboard-forecast - INFO - Processing level-3 asset 1/11: GP_Colombo_District (f1b84100-e564-11f0-b68f-8f33a9d74e0c)
2026-02-26 10:59:50 - thingsboard-forecast - INFO - Processing asset f1b84100-e564-11f0-b68f-8f33a9d74e0c
2026-02-26 10:59:51 - thingsboard-forecast - INFO - Retrieved 3 attributes for f1b84100-e564-11f0-b68f-8f33a9d74e0c
2026-02-26 10:59:51 - thingsboard-forecast - WARNING - Asset f1b84100-e564-11f0-b68f-8f33a9d74e0c missing required attributes: ['latitude', 'longitude', 'orientation', 'pv_module_area', 'inverter_power']
2026-02-26 10:59:51 - thingsboard-forecast - WARNING - Job 062739d7-e7f3-49e1-92ff-af73369cfc1d - Asset f1b84100-e564-11f0-b68f-8f33a9d74e0c error: missing_required_attributes
2026-02-26 10:59:51 - thingsboard-forecast - INFO - Processing level-3 asset 2/11: GP_Gampaha_District (6bbf4050-e08a-11f0-b68f-8f33a9d74e0c)
2026-02-26 10:59:51 - thingsboard-forecast - INFO - Processing asset 6bbf4050-e08a-11f0-b68f-8f33a9d74e0c
2026-02-26 10:59:51 - thingsboard-forecast - INFO - Retrieved 1 attributes for 6bbf4050-e08a-11f0-b68f-8f33a9d74e0c
2026-02-26 10:59:51 - thingsboard-forecast - WARNING - Asset 6bbf4050-e08a-11f0-b68f-8f33a9d74e0c missing required attributes: ['latitude', 'longitude', 'orientation', 'pv_module_area', 'inverter_power']
2026-02-26 10:59:51 - thingsboard-forecast - WARNING - Job 062739d7-e7f3-49e1-92ff-af73369cfc1d - Asset 6bbf4050-e08a-11f0-b68f-8f33a9d74e0c error: missing_required_attributes
2026-02-26 10:59:51 - thingsboard-forecast - INFO - Processing level-3 asset 3/11: GP_Kaluthara_District (c5437c70-e564-11f0-b68f-8f33a9d74e0c)
2026-02-26 10:59:51 - thingsboard-forecast - INFO - Processing asset c5437c70-e564-11f0-b68f-8f33a9d74e0c
2026-02-26 10:59:52 - thingsboard-forecast - INFO - Retrieved 1 attributes for c5437c70-e564-11f0-b68f-8f33a9d74e0c
2026-02-26 10:59:52 - thingsboard-forecast - WARNING - Asset c5437c70-e564-11f0-b68f-8f33a9d74e0c missing required attributes: ['latitude', 'longitude', 'orientation', 'pv_module_area', 'inverter_power']
2026-02-26 10:59:52 - thingsboard-forecast - WARNING - Job 062739d7-e7f3-49e1-92ff-af73369cfc1d - Asset c5437c70-e564-11f0-b68f-8f33a9d74e0c error: missing_required_attributes
2026-02-26 10:59:52 - thingsboard-forecast - INFO - Processing level-3 asset 4/11: GP_Kandy_District (baa26d70-e565-11f0-b68f-8f33a9d74e0c)
2026-02-26 10:59:52 - thingsboard-forecast - INFO - Processing asset baa26d70-e565-11f0-b68f-8f33a9d74e0c
2026-02-26 10:59:52 - thingsboard-forecast - INFO - Retrieved 3 attributes for baa26d70-e565-11f0-b68f-8f33a9d74e0c
2026-02-26 10:59:52 - thingsboard-forecast - WARNING - Asset baa26d70-e565-11f0-b68f-8f33a9d74e0c missing required attributes: ['latitude', 'longitude', 'orientation', 'pv_module_area', 'inverter_power']
2026-02-26 10:59:52 - thingsboard-forecast - WARNING - Job 062739d7-e7f3-49e1-92ff-af73369cfc1d - Asset baa26d70-e565-11f0-b68f-8f33a9d74e0c error: missing_required_attributes
2026-02-26 10:59:52 - thingsboard-forecast - INFO - Processing level-3 asset 5/11: GP_NuwaraEliya_District (e548daa0-e565-11f0-b68f-8f33a9d74e0c)
2026-02-26 10:59:52 - thingsboard-forecast - INFO - Processing asset e548daa0-e565-11f0-b68f-8f33a9d74e0c
2026-02-26 10:59:53 - thingsboard-forecast - INFO - Retrieved 1 attributes for e548daa0-e565-11f0-b68f-8f33a9d74e0c
2026-02-26 10:59:53 - thingsboard-forecast - WARNING - Asset e548daa0-e565-11f0-b68f-8f33a9d74e0c missing required attributes: ['latitude', 'longitude', 'orientation', 'pv_module_area', 'inverter_power']
2026-02-26 10:59:53 - thingsboard-forecast - WARNING - Job 062739d7-e7f3-49e1-92ff-af73369cfc1d - Asset e548daa0-e565-11f0-b68f-8f33a9d74e0c error: missing_required_attributes
2026-02-26 10:59:53 - thingsboard-forecast - INFO - Processing level-3 asset 6/11: GP_Matale_District (d42a87a0-e565-11f0-b68f-8f33a9d74e0c)
2026-02-26 10:59:53 - thingsboard-forecast - INFO - Processing asset d42a87a0-e565-11f0-b68f-8f33a9d74e0c
2026-02-26 10:59:53 - thingsboard-forecast - INFO - Retrieved 3 attributes for d42a87a0-e565-11f0-b68f-8f33a9d74e0c
2026-02-26 10:59:53 - thingsboard-forecast - WARNING - Asset d42a87a0-e565-11f0-b68f-8f33a9d74e0c missing required attributes: ['latitude', 'longitude', 'orientation', 'pv_module_area', 'inverter_power']
2026-02-26 10:59:53 - thingsboard-forecast - WARNING - Job 062739d7-e7f3-49e1-92ff-af73369cfc1d - Asset d42a87a0-e565-11f0-b68f-8f33a9d74e0c error: missing_required_attributes
2026-02-26 10:59:53 - thingsboard-forecast - INFO - Processing level-3 asset 7/11: GP_Anuradhapura_District (585b86f0-08a7-11f1-8bdd-cfe25c37864b)
2026-02-26 10:59:53 - thingsboard-forecast - INFO - Processing asset 585b86f0-08a7-11f1-8bdd-cfe25c37864b
2026-02-26 10:59:54 - thingsboard-forecast - INFO - Retrieved 2 attributes for 585b86f0-08a7-11f1-8bdd-cfe25c37864b
2026-02-26 10:59:54 - thingsboard-forecast - WARNING - Asset 585b86f0-08a7-11f1-8bdd-cfe25c37864b missing required attributes: ['latitude', 'longitude', 'orientation', 'pv_module_area', 'inverter_power']
2026-02-26 10:59:54 - thingsboard-forecast - WARNING - Job 062739d7-e7f3-49e1-92ff-af73369cfc1d - Asset 585b86f0-08a7-11f1-8bdd-cfe25c37864b error: missing_required_attributes
2026-02-26 10:59:54 - thingsboard-forecast - INFO - Processing level-3 asset 8/11: GP_Rathnapura_District (064d18f0-e56c-11f0-b68f-8f33a9d74e0c)
2026-02-26 10:59:54 - thingsboard-forecast - INFO - Processing asset 064d18f0-e56c-11f0-b68f-8f33a9d74e0c
2026-02-26 10:59:54 - thingsboard-forecast - INFO - Retrieved 3 attributes for 064d18f0-e56c-11f0-b68f-8f33a9d74e0c
2026-02-26 10:59:54 - thingsboard-forecast - WARNING - Asset 064d18f0-e56c-11f0-b68f-8f33a9d74e0c missing required attributes: ['latitude', 'longitude', 'orientation', 'pv_module_area', 'inverter_power']
2026-02-26 10:59:54 - thingsboard-forecast - WARNING - Job 062739d7-e7f3-49e1-92ff-af73369cfc1d - Asset 064d18f0-e56c-11f0-b68f-8f33a9d74e0c error: missing_required_attributes
2026-02-26 10:59:54 - thingsboard-forecast - INFO - Processing level-3 asset 9/11: GP_Kegalle_District (33420a00-e56c-11f0-b68f-8f33a9d74e0c)
2026-02-26 10:59:54 - thingsboard-forecast - INFO - Processing asset 33420a00-e56c-11f0-b68f-8f33a9d74e0c
2026-02-26 10:59:55 - thingsboard-forecast - INFO - Retrieved 1 attributes for 33420a00-e56c-11f0-b68f-8f33a9d74e0c
2026-02-26 10:59:55 - thingsboard-forecast - WARNING - Asset 33420a00-e56c-11f0-b68f-8f33a9d74e0c missing required attributes: ['latitude', 'longitude', 'orientation', 'pv_module_area', 'inverter_power']
2026-02-26 10:59:55 - thingsboard-forecast - WARNING - Job 062739d7-e7f3-49e1-92ff-af73369cfc1d - Asset 33420a00-e56c-11f0-b68f-8f33a9d74e0c error: missing_required_attributes
2026-02-26 10:59:55 - thingsboard-forecast - INFO - Processing level-3 asset 10/11: GP_Matara_District (011fb860-08a8-11f1-8bdd-cfe25c37864b)
2026-02-26 10:59:55 - thingsboard-forecast - INFO - Processing asset 011fb860-08a8-11f1-8bdd-cfe25c37864b
2026-02-26 10:59:55 - thingsboard-forecast - INFO - Retrieved 2 attributes for 011fb860-08a8-11f1-8bdd-cfe25c37864b
2026-02-26 10:59:55 - thingsboard-forecast - WARNING - Asset 011fb860-08a8-11f1-8bdd-cfe25c37864b missing required attributes: ['latitude', 'longitude', 'orientation', 'pv_module_area', 'inverter_power']
2026-02-26 10:59:55 - thingsboard-forecast - WARNING - Job 062739d7-e7f3-49e1-92ff-af73369cfc1d - Asset 011fb860-08a8-11f1-8bdd-cfe25c37864b error: missing_required_attributes
2026-02-26 10:59:55 - thingsboard-forecast - INFO - Processing level-3 asset 11/11: GP_Kurunegala_District (891165b0-08a9-11f1-8bdd-cfe25c37864b)
2026-02-26 10:59:55 - thingsboard-forecast - INFO - Processing asset 891165b0-08a9-11f1-8bdd-cfe25c37864b
2026-02-26 10:59:56 - thingsboard-forecast - INFO - Retrieved 2 attributes for 891165b0-08a9-11f1-8bdd-cfe25c37864b
2026-02-26 10:59:56 - thingsboard-forecast - WARNING - Asset 891165b0-08a9-11f1-8bdd-cfe25c37864b missing required attributes: ['latitude', 'longitude', 'orientation', 'pv_module_area', 'inverter_power']
2026-02-26 10:59:56 - thingsboard-forecast - WARNING - Job 062739d7-e7f3-49e1-92ff-af73369cfc1d - Asset 891165b0-08a9-11f1-8bdd-cfe25c37864b error: missing_required_attributes
2026-02-26 10:59:56 - thingsboard-forecast - WARNING - No successful level-3 telemetry to roll up for level-2 asset GP_Western_Province (2e68a010-e08b-11f0-b68f-8f33a9d74e0c)
2026-02-26 10:59:56 - thingsboard-forecast - WARNING - No successful level-3 telemetry to roll up for level-2 asset GP_Central_Province (542eab00-e559-11f0-b68f-8f33a9d74e0c)
2026-02-26 10:59:57 - thingsboard-forecast - WARNING - No successful level-3 telemetry to roll up for level-2 asset GP_NorthCentral_Province (5bc1d660-e55b-11f0-b68f-8f33a9d74e0c)
2026-02-26 10:59:57 - thingsboard-forecast - WARNING - No successful level-3 telemetry to roll up for level-2 asset GP_Sabaragamuwa_Province (922edf70-e55d-11f0-b68f-8f33a9d74e0c)
2026-02-26 10:59:57 - thingsboard-forecast - WARNING - No successful level-3 telemetry to roll up for level-2 asset GP_Southern_Province (f3b48730-e559-11f0-b68f-8f33a9d74e0c)
2026-02-26 10:59:57 - thingsboard-forecast - WARNING - No successful level-3 telemetry to roll up for level-2 asset GP_Uva_Province (e3722a60-e55b-11f0-b68f-8f33a9d74e0c)
2026-02-26 10:59:58 - thingsboard-forecast - WARNING - No successful level-3 telemetry to roll up for level-2 asset GP_NorthWestern_Province (3bbe5780-e55b-11f0-b68f-8f33a9d74e0c)
2026-02-26 10:59:58 - thingsboard-forecast - WARNING - No level-2 telemetry available for rollup to level-1 asset 78fda490-e08b-11f0-b68f-8f33a9d74e0c
2026-02-26 10:59:58 - thingsboard-forecast - WARNING - Skipping level-0 sending device rollup because level-1 rollup payload is empty for 78fda490-e08b-11f0-b68f-8f33a9d74e0c
2026-02-26 10:59:58 - thingsboard-forecast - INFO - Job 062739d7-e7f3-49e1-92ff-af73369cfc1d Roll-up summary: level2_assets_written=0, level2_records_written=0, level1_records_written=0, level0_devices_written=0, level0_records_written=0
2026-02-26 10:59:58 - thingsboard-forecast - INFO - Forecast job 062739d7-e7f3-49e1-92ff-af73369cfc1d completed: 0 successful, 0 failed, 11 skipped
2026-02-26 10:59:58 - thingsboard-forecast - INFO - Job 062739d7-e7f3-49e1-92ff-af73369cfc1d status updated to completed
2026-02-26 11:00:19 - thingsboard-forecast - INFO - ============================================================
2026-02-26 11:00:20 - thingsboard-forecast - INFO - Shutting down API service
2026-02-26 11:00:20 - thingsboard-forecast - INFO - ============================================================
2026-02-26 11:00:46 - thingsboard-forecast - INFO - ============================================================
2026-02-26 11:00:46 - thingsboard-forecast - INFO - Starting thingsboard-power-forecast-api v1.0.0
2026-02-26 11:00:46 - thingsboard-forecast - INFO - ============================================================
2026-02-26 11:00:46 - thingsboard-forecast - INFO - Configuration validated successfully
2026-02-26 11:00:46 - thingsboard-forecast - INFO - ThingsBoard Host: https://cloud.thingsnode.cc
2026-02-26 11:00:46 - thingsboard-forecast - INFO - Default Target Level: 4
2026-02-26 11:00:46 - thingsboard-forecast - INFO - Timezone: Asia/Colombo
2026-02-26 11:00:46 - thingsboard-forecast - INFO - API is ready to accept requests
2026-02-26 11:00:46 - thingsboard-forecast - INFO - ============================================================
2026-02-26 11:00:56 - thingsboard-forecast - INFO - Received forecast request for asset: 78fda490-e08b-11f0-b68f-8f33a9d74e0c | already_have=True | start=2026-02-24 end=2026-04-30
2026-02-26 11:00:56 - thingsboard-forecast - INFO - Authenticating with ThingsBoard...
2026-02-26 11:00:57 - thingsboard-forecast - INFO - Successfully authenticated with ThingsBoard
2026-02-26 11:00:57 - thingsboard-forecast - INFO - Created job 87706069-928b-48d4-ab42-abb3d7a2dc7c for asset 78fda490-e08b-11f0-b68f-8f33a9d74e0c
2026-02-26 11:00:57 - thingsboard-forecast - INFO - Forecast job 87706069-928b-48d4-ab42-abb3d7a2dc7c started in background
2026-02-26 11:00:57 - thingsboard-forecast - INFO - Starting forecast job 87706069-928b-48d4-ab42-abb3d7a2dc7c for main asset 78fda490-e08b-11f0-b68f-8f33a9d74e0c | already_have=True | start=2026-02-24T00:00:00 end=2026-04-30T00:00:00
2026-02-26 11:00:57 - thingsboard-forecast - INFO - Job 87706069-928b-48d4-ab42-abb3d7a2dc7c status updated to running
2026-02-26 11:00:57 - thingsboard-forecast - INFO - Retrieving hierarchy from 78fda490-e08b-11f0-b68f-8f33a9d74e0c
2026-02-26 11:00:57 - thingsboard-forecast - INFO - Authenticating with ThingsBoard...
2026-02-26 11:00:59 - thingsboard-forecast - INFO - Successfully authenticated with ThingsBoard
2026-02-26 11:01:00 - thingsboard-forecast - INFO - Hierarchy resolved for 78fda490-e08b-11f0-b68f-8f33a9d74e0c: level2=7, level3=11
2026-02-26 11:01:01 - thingsboard-forecast - INFO - Processing level-3 asset 1/11: GP_Colombo_District (f1b84100-e564-11f0-b68f-8f33a9d74e0c)
2026-02-26 11:01:01 - thingsboard-forecast - INFO - Processing asset f1b84100-e564-11f0-b68f-8f33a9d74e0c
2026-02-26 11:01:01 - thingsboard-forecast - INFO - Retrieved 3 attributes for f1b84100-e564-11f0-b68f-8f33a9d74e0c
2026-02-26 11:01:01 - thingsboard-forecast - WARNING - Asset f1b84100-e564-11f0-b68f-8f33a9d74e0c missing required attributes: ['latitude', 'longitude', 'orientation', 'pv_module_area', 'inverter_power']
2026-02-26 11:01:01 - thingsboard-forecast - WARNING - Job 87706069-928b-48d4-ab42-abb3d7a2dc7c - Asset f1b84100-e564-11f0-b68f-8f33a9d74e0c error: missing_required_attributes
2026-02-26 11:01:01 - thingsboard-forecast - INFO - Processing level-3 asset 2/11: GP_Gampaha_District (6bbf4050-e08a-11f0-b68f-8f33a9d74e0c)
2026-02-26 11:01:01 - thingsboard-forecast - INFO - Processing asset 6bbf4050-e08a-11f0-b68f-8f33a9d74e0c
2026-02-26 11:01:01 - thingsboard-forecast - INFO - Retrieved 1 attributes for 6bbf4050-e08a-11f0-b68f-8f33a9d74e0c
2026-02-26 11:01:01 - thingsboard-forecast - WARNING - Asset 6bbf4050-e08a-11f0-b68f-8f33a9d74e0c missing required attributes: ['latitude', 'longitude', 'orientation', 'pv_module_area', 'inverter_power']
2026-02-26 11:01:01 - thingsboard-forecast - WARNING - Job 87706069-928b-48d4-ab42-abb3d7a2dc7c - Asset 6bbf4050-e08a-11f0-b68f-8f33a9d74e0c error: missing_required_attributes
2026-02-26 11:01:02 - thingsboard-forecast - INFO - Processing level-3 asset 3/11: GP_Kaluthara_District (c5437c70-e564-11f0-b68f-8f33a9d74e0c)
2026-02-26 11:01:02 - thingsboard-forecast - INFO - Processing asset c5437c70-e564-11f0-b68f-8f33a9d74e0c
2026-02-26 11:01:02 - thingsboard-forecast - INFO - Retrieved 1 attributes for c5437c70-e564-11f0-b68f-8f33a9d74e0c
2026-02-26 11:01:02 - thingsboard-forecast - WARNING - Asset c5437c70-e564-11f0-b68f-8f33a9d74e0c missing required attributes: ['latitude', 'longitude', 'orientation', 'pv_module_area', 'inverter_power']
2026-02-26 11:01:02 - thingsboard-forecast - WARNING - Job 87706069-928b-48d4-ab42-abb3d7a2dc7c - Asset c5437c70-e564-11f0-b68f-8f33a9d74e0c error: missing_required_attributes
2026-02-26 11:01:02 - thingsboard-forecast - INFO - Processing level-3 asset 4/11: GP_Kandy_District (baa26d70-e565-11f0-b68f-8f33a9d74e0c)
2026-02-26 11:01:02 - thingsboard-forecast - INFO - Processing asset baa26d70-e565-11f0-b68f-8f33a9d74e0c
2026-02-26 11:01:02 - thingsboard-forecast - INFO - Retrieved 3 attributes for baa26d70-e565-11f0-b68f-8f33a9d74e0c
2026-02-26 11:01:02 - thingsboard-forecast - WARNING - Asset baa26d70-e565-11f0-b68f-8f33a9d74e0c missing required attributes: ['latitude', 'longitude', 'orientation', 'pv_module_area', 'inverter_power']
2026-02-26 11:01:02 - thingsboard-forecast - WARNING - Job 87706069-928b-48d4-ab42-abb3d7a2dc7c - Asset baa26d70-e565-11f0-b68f-8f33a9d74e0c error: missing_required_attributes
2026-02-26 11:01:03 - thingsboard-forecast - INFO - Processing level-3 asset 5/11: GP_NuwaraEliya_District (e548daa0-e565-11f0-b68f-8f33a9d74e0c)
2026-02-26 11:01:03 - thingsboard-forecast - INFO - Processing asset e548daa0-e565-11f0-b68f-8f33a9d74e0c
2026-02-26 11:01:03 - thingsboard-forecast - INFO - Retrieved 1 attributes for e548daa0-e565-11f0-b68f-8f33a9d74e0c
2026-02-26 11:01:03 - thingsboard-forecast - WARNING - Asset e548daa0-e565-11f0-b68f-8f33a9d74e0c missing required attributes: ['latitude', 'longitude', 'orientation', 'pv_module_area', 'inverter_power']
2026-02-26 11:01:03 - thingsboard-forecast - WARNING - Job 87706069-928b-48d4-ab42-abb3d7a2dc7c - Asset e548daa0-e565-11f0-b68f-8f33a9d74e0c error: missing_required_attributes
2026-02-26 11:01:03 - thingsboard-forecast - INFO - Processing level-3 asset 6/11: GP_Matale_District (d42a87a0-e565-11f0-b68f-8f33a9d74e0c)
2026-02-26 11:01:03 - thingsboard-forecast - INFO - Processing asset d42a87a0-e565-11f0-b68f-8f33a9d74e0c
2026-02-26 11:01:03 - thingsboard-forecast - INFO - Retrieved 3 attributes for d42a87a0-e565-11f0-b68f-8f33a9d74e0c
2026-02-26 11:01:03 - thingsboard-forecast - WARNING - Asset d42a87a0-e565-11f0-b68f-8f33a9d74e0c missing required attributes: ['latitude', 'longitude', 'orientation', 'pv_module_area', 'inverter_power']
2026-02-26 11:01:03 - thingsboard-forecast - WARNING - Job 87706069-928b-48d4-ab42-abb3d7a2dc7c - Asset d42a87a0-e565-11f0-b68f-8f33a9d74e0c error: missing_required_attributes
2026-02-26 11:01:04 - thingsboard-forecast - INFO - Processing level-3 asset 7/11: GP_Anuradhapura_District (585b86f0-08a7-11f1-8bdd-cfe25c37864b)
2026-02-26 11:01:04 - thingsboard-forecast - INFO - Processing asset 585b86f0-08a7-11f1-8bdd-cfe25c37864b
2026-02-26 11:01:04 - thingsboard-forecast - INFO - Retrieved 2 attributes for 585b86f0-08a7-11f1-8bdd-cfe25c37864b
2026-02-26 11:01:04 - thingsboard-forecast - WARNING - Asset 585b86f0-08a7-11f1-8bdd-cfe25c37864b missing required attributes: ['latitude', 'longitude', 'orientation', 'pv_module_area', 'inverter_power']
2026-02-26 11:01:04 - thingsboard-forecast - WARNING - Job 87706069-928b-48d4-ab42-abb3d7a2dc7c - Asset 585b86f0-08a7-11f1-8bdd-cfe25c37864b error: missing_required_attributes
2026-02-26 11:01:04 - thingsboard-forecast - INFO - Processing level-3 asset 8/11: GP_Rathnapura_District (064d18f0-e56c-11f0-b68f-8f33a9d74e0c)
2026-02-26 11:01:04 - thingsboard-forecast - INFO - Processing asset 064d18f0-e56c-11f0-b68f-8f33a9d74e0c
2026-02-26 11:01:04 - thingsboard-forecast - INFO - Retrieved 3 attributes for 064d18f0-e56c-11f0-b68f-8f33a9d74e0c
2026-02-26 11:01:04 - thingsboard-forecast - WARNING - Asset 064d18f0-e56c-11f0-b68f-8f33a9d74e0c missing required attributes: ['latitude', 'longitude', 'orientation', 'pv_module_area', 'inverter_power']
2026-02-26 11:01:04 - thingsboard-forecast - WARNING - Job 87706069-928b-48d4-ab42-abb3d7a2dc7c - Asset 064d18f0-e56c-11f0-b68f-8f33a9d74e0c error: missing_required_attributes
2026-02-26 11:01:05 - thingsboard-forecast - INFO - Processing level-3 asset 9/11: GP_Kegalle_District (33420a00-e56c-11f0-b68f-8f33a9d74e0c)
2026-02-26 11:01:05 - thingsboard-forecast - INFO - Processing asset 33420a00-e56c-11f0-b68f-8f33a9d74e0c
2026-02-26 11:01:05 - thingsboard-forecast - INFO - Retrieved 1 attributes for 33420a00-e56c-11f0-b68f-8f33a9d74e0c
2026-02-26 11:01:05 - thingsboard-forecast - WARNING - Asset 33420a00-e56c-11f0-b68f-8f33a9d74e0c missing required attributes: ['latitude', 'longitude', 'orientation', 'pv_module_area', 'inverter_power']
2026-02-26 11:01:05 - thingsboard-forecast - WARNING - Job 87706069-928b-48d4-ab42-abb3d7a2dc7c - Asset 33420a00-e56c-11f0-b68f-8f33a9d74e0c error: missing_required_attributes
2026-02-26 11:01:05 - thingsboard-forecast - INFO - Processing level-3 asset 10/11: GP_Matara_District (011fb860-08a8-11f1-8bdd-cfe25c37864b)
2026-02-26 11:01:05 - thingsboard-forecast - INFO - Processing asset 011fb860-08a8-11f1-8bdd-cfe25c37864b
2026-02-26 11:01:05 - thingsboard-forecast - INFO - Retrieved 2 attributes for 011fb860-08a8-11f1-8bdd-cfe25c37864b
2026-02-26 11:01:05 - thingsboard-forecast - WARNING - Asset 011fb860-08a8-11f1-8bdd-cfe25c37864b missing required attributes: ['latitude', 'longitude', 'orientation', 'pv_module_area', 'inverter_power']
2026-02-26 11:01:05 - thingsboard-forecast - WARNING - Job 87706069-928b-48d4-ab42-abb3d7a2dc7c - Asset 011fb860-08a8-11f1-8bdd-cfe25c37864b error: missing_required_attributes
2026-02-26 11:01:06 - thingsboard-forecast - INFO - Processing level-3 asset 11/11: GP_Kurunegala_District (891165b0-08a9-11f1-8bdd-cfe25c37864b)
2026-02-26 11:01:06 - thingsboard-forecast - INFO - Processing asset 891165b0-08a9-11f1-8bdd-cfe25c37864b
2026-02-26 11:01:06 - thingsboard-forecast - INFO - Retrieved 2 attributes for 891165b0-08a9-11f1-8bdd-cfe25c37864b
2026-02-26 11:01:06 - thingsboard-forecast - WARNING - Asset 891165b0-08a9-11f1-8bdd-cfe25c37864b missing required attributes: ['latitude', 'longitude', 'orientation', 'pv_module_area', 'inverter_power']
2026-02-26 11:01:06 - thingsboard-forecast - WARNING - Job 87706069-928b-48d4-ab42-abb3d7a2dc7c - Asset 891165b0-08a9-11f1-8bdd-cfe25c37864b error: missing_required_attributes
2026-02-26 11:01:06 - thingsboard-forecast - WARNING - No successful level-3 telemetry to roll up for level-2 asset GP_Western_Province (2e68a010-e08b-11f0-b68f-8f33a9d74e0c)
2026-02-26 11:01:06 - thingsboard-forecast - WARNING - No successful level-3 telemetry to roll up for level-2 asset GP_Central_Province (542eab00-e559-11f0-b68f-8f33a9d74e0c)
2026-02-26 11:01:07 - thingsboard-forecast - WARNING - No successful level-3 telemetry to roll up for level-2 asset GP_NorthCentral_Province (5bc1d660-e55b-11f0-b68f-8f33a9d74e0c)
2026-02-26 11:01:07 - thingsboard-forecast - WARNING - No successful level-3 telemetry to roll up for level-2 asset GP_Sabaragamuwa_Province (922edf70-e55d-11f0-b68f-8f33a9d74e0c)
2026-02-26 11:01:07 - thingsboard-forecast - WARNING - No successful level-3 telemetry to roll up for level-2 asset GP_Southern_Province (f3b48730-e559-11f0-b68f-8f33a9d74e0c)
2026-02-26 11:01:07 - thingsboard-forecast - WARNING - No successful level-3 telemetry to roll up for level-2 asset GP_Uva_Province (e3722a60-e55b-11f0-b68f-8f33a9d74e0c)
2026-02-26 11:01:08 - thingsboard-forecast - WARNING - No successful level-3 telemetry to roll up for level-2 asset GP_NorthWestern_Province (3bbe5780-e55b-11f0-b68f-8f33a9d74e0c)
2026-02-26 11:01:08 - thingsboard-forecast - WARNING - No level-2 telemetry available for rollup to level-1 asset 78fda490-e08b-11f0-b68f-8f33a9d74e0c
2026-02-26 11:01:08 - thingsboard-forecast - WARNING - Skipping level-0 sending device rollup because level-1 rollup payload is empty for 78fda490-e08b-11f0-b68f-8f33a9d74e0c
2026-02-26 11:01:08 - thingsboard-forecast - INFO - Job 87706069-928b-48d4-ab42-abb3d7a2dc7c Roll-up summary: level2_assets_written=0, level2_records_written=0, level1_records_written=0, level0_devices_written=0, level0_records_written=0
2026-02-26 11:01:08 - thingsboard-forecast - INFO - Forecast job 87706069-928b-48d4-ab42-abb3d7a2dc7c completed: 0 successful, 0 failed, 11 skipped
2026-02-26 11:01:08 - thingsboard-forecast - INFO - Job 87706069-928b-48d4-ab42-abb3d7a2dc7c status updated to completed
2026-02-26 11:03:09 - thingsboard-forecast - INFO - ============================================================
2026-02-26 11:03:09 - thingsboard-forecast - INFO - Shutting down API service
2026-02-26 11:03:09 - thingsboard-forecast - INFO - ============================================================
2026-02-26 11:03:11 - thingsboard-forecast - INFO - ============================================================
2026-02-26 11:03:11 - thingsboard-forecast - INFO - Starting thingsboard-power-forecast-api v1.0.0
2026-02-26 11:03:11 - thingsboard-forecast - INFO - ============================================================
2026-02-26 11:03:11 - thingsboard-forecast - INFO - Configuration validated successfully
2026-02-26 11:03:11 - thingsboard-forecast - INFO - ThingsBoard Host: https://cloud.thingsnode.cc
2026-02-26 11:03:11 - thingsboard-forecast - INFO - Default Target Level: 4
2026-02-26 11:03:11 - thingsboard-forecast - INFO - Timezone: Asia/Colombo
2026-02-26 11:03:11 - thingsboard-forecast - INFO - API is ready to accept requests
2026-02-26 11:03:11 - thingsboard-forecast - INFO - ============================================================
2026-02-26 11:04:09 - thingsboard-forecast - INFO - Authenticating with ThingsBoard...
2026-02-26 11:04:10 - thingsboard-forecast - INFO - Successfully authenticated with ThingsBoard
2026-02-26 11:04:21 - thingsboard-forecast - INFO - ============================================================
2026-02-26 11:04:21 - thingsboard-forecast - INFO - Shutting down API service
2026-02-26 11:04:21 - thingsboard-forecast - INFO - ============================================================
2026-02-26 11:04:22 - thingsboard-forecast - INFO - ============================================================
2026-02-26 11:04:22 - thingsboard-forecast - INFO - Starting thingsboard-power-forecast-api v1.0.0
2026-02-26 11:04:22 - thingsboard-forecast - INFO - ============================================================
2026-02-26 11:04:22 - thingsboard-forecast - INFO - Configuration validated successfully
2026-02-26 11:04:22 - thingsboard-forecast - INFO - ThingsBoard Host: https://cloud.thingsnode.cc
2026-02-26 11:04:22 - thingsboard-forecast - INFO - Default Target Level: 4
2026-02-26 11:04:22 - thingsboard-forecast - INFO - Timezone: Asia/Colombo
2026-02-26 11:04:22 - thingsboard-forecast - INFO - API is ready to accept requests
2026-02-26 11:04:22 - thingsboard-forecast - INFO - ============================================================
2026-02-26 11:04:28 - thingsboard-forecast - INFO - ============================================================
2026-02-26 11:04:28 - thingsboard-forecast - INFO - Shutting down API service
2026-02-26 11:04:28 - thingsboard-forecast - INFO - ============================================================
2026-02-26 11:04:33 - thingsboard-forecast - INFO - ============================================================
2026-02-26 11:04:33 - thingsboard-forecast - INFO - Starting thingsboard-power-forecast-api v1.0.0
2026-02-26 11:04:33 - thingsboard-forecast - INFO - ============================================================
2026-02-26 11:04:33 - thingsboard-forecast - INFO - Configuration validated successfully
2026-02-26 11:04:33 - thingsboard-forecast - INFO - ThingsBoard Host: https://cloud.thingsnode.cc
2026-02-26 11:04:33 - thingsboard-forecast - INFO - Default Target Level: 4
2026-02-26 11:04:33 - thingsboard-forecast - INFO - Timezone: Asia/Colombo
2026-02-26 11:04:33 - thingsboard-forecast - INFO - API is ready to accept requests
2026-02-26 11:04:33 - thingsboard-forecast - INFO - ============================================================
2026-02-26 11:04:38 - thingsboard-forecast - INFO - Received forecast request for asset: 78fda490-e08b-11f0-b68f-8f33a9d74e0c | already_have=True | start=2026-02-24 end=2026-04-30
2026-02-26 11:04:38 - thingsboard-forecast - INFO - Authenticating with ThingsBoard...
2026-02-26 11:04:39 - thingsboard-forecast - INFO - Successfully authenticated with ThingsBoard
2026-02-26 11:04:39 - thingsboard-forecast - INFO - Created job f4e33264-6f43-44c6-99ce-7f1cb65864de for asset 78fda490-e08b-11f0-b68f-8f33a9d74e0c
2026-02-26 11:04:39 - thingsboard-forecast - INFO - Forecast job f4e33264-6f43-44c6-99ce-7f1cb65864de started in background
2026-02-26 11:04:39 - thingsboard-forecast - INFO - Starting forecast job f4e33264-6f43-44c6-99ce-7f1cb65864de for main asset 78fda490-e08b-11f0-b68f-8f33a9d74e0c | already_have=True | start=2026-02-24T00:00:00 end=2026-04-30T00:00:00
2026-02-26 11:04:39 - thingsboard-forecast - INFO - Job f4e33264-6f43-44c6-99ce-7f1cb65864de status updated to running
2026-02-26 11:04:39 - thingsboard-forecast - INFO - Retrieving hierarchy from 78fda490-e08b-11f0-b68f-8f33a9d74e0c
2026-02-26 11:04:39 - thingsboard-forecast - INFO - Authenticating with ThingsBoard...
2026-02-26 11:04:40 - thingsboard-forecast - INFO - Successfully authenticated with ThingsBoard
2026-02-26 11:04:45 - thingsboard-forecast - INFO - Hierarchy resolved for 78fda490-e08b-11f0-b68f-8f33a9d74e0c: target_level=4, L2=7, L3=11, L4=8, processing_deepest_level=L4
2026-02-26 11:04:45 - thingsboard-forecast - INFO - Processing level-4 asset 1/8: GP_WCS1098 (973a7ea0-f06d-11f0-af3b-45cf7f181cac)
2026-02-26 11:04:45 - thingsboard-forecast - INFO - Processing asset 973a7ea0-f06d-11f0-af3b-45cf7f181cac
2026-02-26 11:04:45 - thingsboard-forecast - INFO - Retrieved 22 attributes for 973a7ea0-f06d-11f0-af3b-45cf7f181cac
2026-02-26 11:04:46 - thingsboard-forecast - INFO - Running power prediction for 973a7ea0-f06d-11f0-af3b-45cf7f181cac
2026-02-26 11:04:47 - thingsboard-forecast - INFO - Prediction completed for 973a7ea0-f06d-11f0-af3b-45cf7f181cac: 15711.87 kWh total
2026-02-26 11:04:47 - thingsboard-forecast - INFO - Writing telemetry for 973a7ea0-f06d-11f0-af3b-45cf7f181cac
2026-02-26 11:04:47 - thingsboard-forecast - INFO - Writing 66 telemetry records to 973a7ea0-f06d-11f0-af3b-45cf7f181cac
2026-02-26 11:05:13 - thingsboard-forecast - INFO - Successfully wrote 66 records to 973a7ea0-f06d-11f0-af3b-45cf7f181cac
2026-02-26 11:05:13 - thingsboard-forecast - INFO - Successfully wrote 66 telemetry records for 973a7ea0-f06d-11f0-af3b-45cf7f181cac
2026-02-26 11:05:13 - thingsboard-forecast - INFO - Processing level-4 asset 2/8: GP_WCS1138 (10425f40-08a4-11f1-8bdd-cfe25c37864b)
2026-02-26 11:05:13 - thingsboard-forecast - INFO - Processing asset 10425f40-08a4-11f1-8bdd-cfe25c37864b
2026-02-26 11:05:14 - thingsboard-forecast - INFO - Retrieved 22 attributes for 10425f40-08a4-11f1-8bdd-cfe25c37864b
2026-02-26 11:05:14 - thingsboard-forecast - INFO - Running power prediction for 10425f40-08a4-11f1-8bdd-cfe25c37864b
2026-02-26 11:05:14 - thingsboard-forecast - INFO - Prediction completed for 10425f40-08a4-11f1-8bdd-cfe25c37864b: 16286.61 kWh total
2026-02-26 11:05:14 - thingsboard-forecast - INFO - Writing telemetry for 10425f40-08a4-11f1-8bdd-cfe25c37864b
2026-02-26 11:05:14 - thingsboard-forecast - INFO - Writing 66 telemetry records to 10425f40-08a4-11f1-8bdd-cfe25c37864b
2026-02-26 11:05:40 - thingsboard-forecast - INFO - Successfully wrote 66 records to 10425f40-08a4-11f1-8bdd-cfe25c37864b
2026-02-26 11:05:40 - thingsboard-forecast - INFO - Successfully wrote 66 telemetry records for 10425f40-08a4-11f1-8bdd-cfe25c37864b
2026-02-26 11:05:40 - thingsboard-forecast - INFO - Processing level-4 asset 3/8: GP_CKS1138 (87657cb0-08a4-11f1-8bdd-cfe25c37864b)
2026-02-26 11:05:40 - thingsboard-forecast - INFO - Processing asset 87657cb0-08a4-11f1-8bdd-cfe25c37864b
2026-02-26 11:05:41 - thingsboard-forecast - INFO - Retrieved 22 attributes for 87657cb0-08a4-11f1-8bdd-cfe25c37864b
2026-02-26 11:05:41 - thingsboard-forecast - INFO - Running power prediction for 87657cb0-08a4-11f1-8bdd-cfe25c37864b
2026-02-26 11:05:41 - thingsboard-forecast - INFO - Prediction completed for 87657cb0-08a4-11f1-8bdd-cfe25c37864b: 83240.14 kWh total
2026-02-26 11:05:41 - thingsboard-forecast - INFO - Writing telemetry for 87657cb0-08a4-11f1-8bdd-cfe25c37864b
2026-02-26 11:05:41 - thingsboard-forecast - INFO - Writing 66 telemetry records to 87657cb0-08a4-11f1-8bdd-cfe25c37864b
2026-02-26 11:06:07 - thingsboard-forecast - INFO - Successfully wrote 66 records to 87657cb0-08a4-11f1-8bdd-cfe25c37864b
2026-02-26 11:06:07 - thingsboard-forecast - INFO - Successfully wrote 66 telemetry records for 87657cb0-08a4-11f1-8bdd-cfe25c37864b
2026-02-26 11:06:08 - thingsboard-forecast - INFO - Processing level-4 asset 4/8: GP_TEST (fd2a80b0-116b-11f1-8d01-cff7a27c53e8)
2026-02-26 11:06:08 - thingsboard-forecast - INFO - Processing asset fd2a80b0-116b-11f1-8d01-cff7a27c53e8
2026-02-26 11:06:08 - thingsboard-forecast - INFO - Retrieved 1 attributes for fd2a80b0-116b-11f1-8d01-cff7a27c53e8
2026-02-26 11:06:08 - thingsboard-forecast - WARNING - Asset fd2a80b0-116b-11f1-8d01-cff7a27c53e8 missing required attributes: ['latitude', 'longitude', 'orientation', 'pv_module_area', 'inverter_power']
2026-02-26 11:06:08 - thingsboard-forecast - WARNING - Job f4e33264-6f43-44c6-99ce-7f1cb65864de - Asset fd2a80b0-116b-11f1-8d01-cff7a27c53e8 error: missing_required_attributes
2026-02-26 11:06:08 - thingsboard-forecast - INFO - Processing level-4 asset 5/8: GP_NAS1074 (35fa65d0-08a3-11f1-8bdd-cfe25c37864b)
2026-02-26 11:06:08 - thingsboard-forecast - INFO - Processing asset 35fa65d0-08a3-11f1-8bdd-cfe25c37864b
2026-02-26 11:06:08 - thingsboard-forecast - INFO - Retrieved 22 attributes for 35fa65d0-08a3-11f1-8bdd-cfe25c37864b
2026-02-26 11:06:09 - thingsboard-forecast - INFO - Running power prediction for 35fa65d0-08a3-11f1-8bdd-cfe25c37864b
2026-02-26 11:06:09 - thingsboard-forecast - ERROR - Power prediction failed for 35fa65d0-08a3-11f1-8bdd-cfe25c37864b: loop of ufunc does not support argument 0 of type NoneType which has no callable radians method
2026-02-26 11:06:09 - thingsboard-forecast - WARNING - Job f4e33264-6f43-44c6-99ce-7f1cb65864de - Asset 35fa65d0-08a3-11f1-8bdd-cfe25c37864b error: forecast_calculation_error: loop of ufunc does not support argument 0 of type NoneType which has no callable radians method
2026-02-26 11:06:09 - thingsboard-forecast - INFO - Processing level-4 asset 6/8: GP_SRS1116 (c85151a0-08a3-11f1-8bdd-cfe25c37864b)
2026-02-26 11:06:09 - thingsboard-forecast - INFO - Processing asset c85151a0-08a3-11f1-8bdd-cfe25c37864b
2026-02-26 11:06:09 - thingsboard-forecast - INFO - Retrieved 22 attributes for c85151a0-08a3-11f1-8bdd-cfe25c37864b
2026-02-26 11:06:10 - thingsboard-forecast - INFO - Running power prediction for c85151a0-08a3-11f1-8bdd-cfe25c37864b
2026-02-26 11:06:10 - thingsboard-forecast - INFO - Prediction completed for c85151a0-08a3-11f1-8bdd-cfe25c37864b: 60319.24 kWh total
2026-02-26 11:06:10 - thingsboard-forecast - INFO - Writing telemetry for c85151a0-08a3-11f1-8bdd-cfe25c37864b
2026-02-26 11:06:10 - thingsboard-forecast - INFO - Writing 66 telemetry records to c85151a0-08a3-11f1-8bdd-cfe25c37864b
2026-02-26 11:06:36 - thingsboard-forecast - INFO - Successfully wrote 66 records to c85151a0-08a3-11f1-8bdd-cfe25c37864b
2026-02-26 11:06:36 - thingsboard-forecast - INFO - Successfully wrote 66 telemetry records for c85151a0-08a3-11f1-8bdd-cfe25c37864b
2026-02-26 11:06:36 - thingsboard-forecast - INFO - Processing level-4 asset 7/8: GP_SMS1129 (8ea89070-089f-11f1-8bdd-cfe25c37864b)
2026-02-26 11:06:36 - thingsboard-forecast - INFO - Processing asset 8ea89070-089f-11f1-8bdd-cfe25c37864b
2026-02-26 11:06:37 - thingsboard-forecast - INFO - Retrieved 22 attributes for 8ea89070-089f-11f1-8bdd-cfe25c37864b
2026-02-26 11:06:37 - thingsboard-forecast - INFO - Running power prediction for 8ea89070-089f-11f1-8bdd-cfe25c37864b
2026-02-26 11:06:37 - thingsboard-forecast - INFO - Prediction completed for 8ea89070-089f-11f1-8bdd-cfe25c37864b: 30737.34 kWh total
2026-02-26 11:06:37 - thingsboard-forecast - INFO - Writing telemetry for 8ea89070-089f-11f1-8bdd-cfe25c37864b
2026-02-26 11:06:37 - thingsboard-forecast - INFO - Writing 66 telemetry records to 8ea89070-089f-11f1-8bdd-cfe25c37864b
2026-02-26 11:07:03 - thingsboard-forecast - INFO - Successfully wrote 66 records to 8ea89070-089f-11f1-8bdd-cfe25c37864b
2026-02-26 11:07:03 - thingsboard-forecast - INFO - Successfully wrote 66 telemetry records for 8ea89070-089f-11f1-8bdd-cfe25c37864b
2026-02-26 11:07:03 - thingsboard-forecast - INFO - Processing level-4 asset 8/8: GP_NKS1058 (0c982af0-07ff-11f1-8bdd-cfe25c37864b)
2026-02-26 11:07:03 - thingsboard-forecast - INFO - Processing asset 0c982af0-07ff-11f1-8bdd-cfe25c37864b
2026-02-26 11:07:03 - thingsboard-forecast - INFO - Retrieved 22 attributes for 0c982af0-07ff-11f1-8bdd-cfe25c37864b
2026-02-26 11:07:04 - thingsboard-forecast - INFO - Running power prediction for 0c982af0-07ff-11f1-8bdd-cfe25c37864b
2026-02-26 11:07:04 - thingsboard-forecast - ERROR - Power prediction failed for 0c982af0-07ff-11f1-8bdd-cfe25c37864b: int() argument must be a string, a bytes-like object or a real number, not 'NoneType'
2026-02-26 11:07:04 - thingsboard-forecast - WARNING - Job f4e33264-6f43-44c6-99ce-7f1cb65864de - Asset 0c982af0-07ff-11f1-8bdd-cfe25c37864b error: forecast_calculation_error: int() argument must be a string, a bytes-like object or a real number, not 'NoneType'
2026-02-26 11:07:04 - thingsboard-forecast - INFO - Writing 66 telemetry records to f1b84100-e564-11f0-b68f-8f33a9d74e0c
2026-02-26 11:07:30 - thingsboard-forecast - INFO - Successfully wrote 66 records to f1b84100-e564-11f0-b68f-8f33a9d74e0c
2026-02-26 11:07:30 - thingsboard-forecast - INFO - Rolled up 2 level-4 assets into level-3 asset GP_Colombo_District (f1b84100-e564-11f0-b68f-8f33a9d74e0c)
2026-02-26 11:07:31 - thingsboard-forecast - WARNING - No successful level-4 telemetry to roll up for level-3 asset GP_Gampaha_District (6bbf4050-e08a-11f0-b68f-8f33a9d74e0c)
2026-02-26 11:07:31 - thingsboard-forecast - WARNING - No successful level-4 telemetry to roll up for level-3 asset GP_Kaluthara_District (c5437c70-e564-11f0-b68f-8f33a9d74e0c)
2026-02-26 11:07:31 - thingsboard-forecast - INFO - Writing 66 telemetry records to baa26d70-e565-11f0-b68f-8f33a9d74e0c
2026-02-26 11:07:59 - thingsboard-forecast - INFO - Successfully wrote 66 records to baa26d70-e565-11f0-b68f-8f33a9d74e0c
2026-02-26 11:07:59 - thingsboard-forecast - INFO - Rolled up 1 level-4 assets into level-3 asset GP_Kandy_District (baa26d70-e565-11f0-b68f-8f33a9d74e0c)
2026-02-26 11:07:59 - thingsboard-forecast - WARNING - No successful level-4 telemetry to roll up for level-3 asset GP_NuwaraEliya_District (e548daa0-e565-11f0-b68f-8f33a9d74e0c)
2026-02-26 11:07:59 - thingsboard-forecast - WARNING - No successful level-4 telemetry to roll up for level-3 asset GP_Matale_District (d42a87a0-e565-11f0-b68f-8f33a9d74e0c)
2026-02-26 11:08:00 - thingsboard-forecast - WARNING - No successful level-4 telemetry to roll up for level-3 asset GP_Anuradhapura_District (585b86f0-08a7-11f1-8bdd-cfe25c37864b)
2026-02-26 11:08:00 - thingsboard-forecast - INFO - Writing 66 telemetry records to 064d18f0-e56c-11f0-b68f-8f33a9d74e0c
2026-02-26 11:08:29 - thingsboard-forecast - INFO - Successfully wrote 66 records to 064d18f0-e56c-11f0-b68f-8f33a9d74e0c
2026-02-26 11:08:29 - thingsboard-forecast - INFO - Rolled up 1 level-4 assets into level-3 asset GP_Rathnapura_District (064d18f0-e56c-11f0-b68f-8f33a9d74e0c)
2026-02-26 11:08:29 - thingsboard-forecast - WARNING - No successful level-4 telemetry to roll up for level-3 asset GP_Kegalle_District (33420a00-e56c-11f0-b68f-8f33a9d74e0c)
2026-02-26 11:08:29 - thingsboard-forecast - INFO - Writing 66 telemetry records to 011fb860-08a8-11f1-8bdd-cfe25c37864b
2026-02-26 11:08:55 - thingsboard-forecast - INFO - Successfully wrote 66 records to 011fb860-08a8-11f1-8bdd-cfe25c37864b
2026-02-26 11:08:55 - thingsboard-forecast - INFO - Rolled up 1 level-4 assets into level-3 asset GP_Matara_District (011fb860-08a8-11f1-8bdd-cfe25c37864b)
2026-02-26 11:08:56 - thingsboard-forecast - WARNING - No successful level-4 telemetry to roll up for level-3 asset GP_Kurunegala_District (891165b0-08a9-11f1-8bdd-cfe25c37864b)
2026-02-26 11:08:56 - thingsboard-forecast - INFO - Writing 66 telemetry records to 2e68a010-e08b-11f0-b68f-8f33a9d74e0c
2026-02-26 11:09:39 - thingsboard-forecast - INFO - Successfully wrote 66 records to 2e68a010-e08b-11f0-b68f-8f33a9d74e0c
2026-02-26 11:09:39 - thingsboard-forecast - INFO - Rolled up 3 level-3 assets into level-2 asset GP_Western_Province (2e68a010-e08b-11f0-b68f-8f33a9d74e0c)
2026-02-26 11:09:39 - thingsboard-forecast - INFO - Writing 66 telemetry records to 542eab00-e559-11f0-b68f-8f33a9d74e0c
2026-02-26 11:10:07 - thingsboard-forecast - INFO - Successfully wrote 66 records to 542eab00-e559-11f0-b68f-8f33a9d74e0c
2026-02-26 11:10:07 - thingsboard-forecast - INFO - Rolled up 3 level-3 assets into level-2 asset GP_Central_Province (542eab00-e559-11f0-b68f-8f33a9d74e0c)
2026-02-26 11:10:08 - thingsboard-forecast - WARNING - No successful level-3 telemetry to roll up for level-2 asset GP_NorthCentral_Province (5bc1d660-e55b-11f0-b68f-8f33a9d74e0c)
2026-02-26 11:10:08 - thingsboard-forecast - INFO - Writing 66 telemetry records to 922edf70-e55d-11f0-b68f-8f33a9d74e0c
2026-02-26 11:10:36 - thingsboard-forecast - INFO - Successfully wrote 66 records to 922edf70-e55d-11f0-b68f-8f33a9d74e0c
2026-02-26 11:10:36 - thingsboard-forecast - INFO - Rolled up 2 level-3 assets into level-2 asset GP_Sabaragamuwa_Province (922edf70-e55d-11f0-b68f-8f33a9d74e0c)
2026-02-26 11:10:36 - thingsboard-forecast - INFO - Writing 66 telemetry records to f3b48730-e559-11f0-b68f-8f33a9d74e0c
2026-02-26 11:11:04 - thingsboard-forecast - INFO - Successfully wrote 66 records to f3b48730-e559-11f0-b68f-8f33a9d74e0c
2026-02-26 11:11:04 - thingsboard-forecast - INFO - Rolled up 1 level-3 assets into level-2 asset GP_Southern_Province (f3b48730-e559-11f0-b68f-8f33a9d74e0c)
2026-02-26 11:11:04 - thingsboard-forecast - WARNING - No successful level-3 telemetry to roll up for level-2 asset GP_Uva_Province (e3722a60-e55b-11f0-b68f-8f33a9d74e0c)
2026-02-26 11:11:04 - thingsboard-forecast - WARNING - No successful level-3 telemetry to roll up for level-2 asset GP_NorthWestern_Province (3bbe5780-e55b-11f0-b68f-8f33a9d74e0c)
2026-02-26 11:11:04 - thingsboard-forecast - INFO - Writing 66 telemetry records to 78fda490-e08b-11f0-b68f-8f33a9d74e0c
2026-02-26 11:11:33 - thingsboard-forecast - INFO - Successfully wrote 66 records to 78fda490-e08b-11f0-b68f-8f33a9d74e0c
2026-02-26 11:11:34 - thingsboard-forecast - INFO - Rolled up 4 level-2 assets into level-1 asset GP_All Island (78fda490-e08b-11f0-b68f-8f33a9d74e0c)
2026-02-26 11:11:34 - thingsboard-forecast - WARNING - No level-0 sending devices found under main asset 78fda490-e08b-11f0-b68f-8f33a9d74e0c
2026-02-26 11:11:34 - thingsboard-forecast - INFO - Job f4e33264-6f43-44c6-99ce-7f1cb65864de Roll-up summary: target_level=4, processed_level=4, asset_rollup_assets_written=8, asset_rollup_records_written=528, level1_records_written=66, level0_devices_written=0, level0_records_written=0
2026-02-26 11:11:34 - thingsboard-forecast - INFO - Forecast job f4e33264-6f43-44c6-99ce-7f1cb65864de completed: 5 successful, 2 failed, 1 skipped
2026-02-26 11:11:34 - thingsboard-forecast - INFO - Job f4e33264-6f43-44c6-99ce-7f1cb65864de status updated to completed
2026-02-26 11:16:41 - thingsboard-forecast - INFO - ============================================================
2026-02-26 11:16:41 - thingsboard-forecast - INFO - Shutting down API service
2026-02-26 11:16:41 - thingsboard-forecast - INFO - ============================================================
2026-02-26 11:16:44 - thingsboard-forecast - INFO - ============================================================
2026-02-26 11:16:44 - thingsboard-forecast - INFO - Starting thingsboard-power-forecast-api v1.0.0
2026-02-26 11:16:44 - thingsboard-forecast - INFO - ============================================================
2026-02-26 11:16:44 - thingsboard-forecast - INFO - Configuration validated successfully
2026-02-26 11:16:44 - thingsboard-forecast - INFO - ThingsBoard Host: https://cloud.thingsnode.cc
2026-02-26 11:16:44 - thingsboard-forecast - INFO - Default Target Level: 4
2026-02-26 11:16:44 - thingsboard-forecast - INFO - Timezone: Asia/Colombo
2026-02-26 11:16:44 - thingsboard-forecast - INFO - API is ready to accept requests
2026-02-26 11:16:44 - thingsboard-forecast - INFO - ============================================================
2026-02-26 11:16:57 - thingsboard-forecast - INFO - Authenticating with ThingsBoard...
2026-02-26 11:16:58 - thingsboard-forecast - INFO - Successfully authenticated with ThingsBoard
2026-02-26 11:17:16 - thingsboard-forecast - INFO - ============================================================
2026-02-26 11:17:16 - thingsboard-forecast - INFO - Shutting down API service
2026-02-26 11:17:16 - thingsboard-forecast - INFO - ============================================================
2026-02-26 11:17:17 - thingsboard-forecast - INFO - ============================================================
2026-02-26 11:17:17 - thingsboard-forecast - INFO - Starting thingsboard-power-forecast-api v1.0.0
2026-02-26 11:17:17 - thingsboard-forecast - INFO - ============================================================
2026-02-26 11:17:17 - thingsboard-forecast - INFO - Configuration validated successfully
2026-02-26 11:17:17 - thingsboard-forecast - INFO - ThingsBoard Host: https://cloud.thingsnode.cc
2026-02-26 11:17:17 - thingsboard-forecast - INFO - Default Target Level: 4
2026-02-26 11:17:17 - thingsboard-forecast - INFO - Timezone: Asia/Colombo
2026-02-26 11:17:17 - thingsboard-forecast - INFO - API is ready to accept requests
2026-02-26 11:17:17 - thingsboard-forecast - INFO - ============================================================
2026-02-26 11:17:19 - thingsboard-forecast - INFO - ============================================================
2026-02-26 11:17:19 - thingsboard-forecast - INFO - Starting thingsboard-power-forecast-api v1.0.0
2026-02-26 11:17:19 - thingsboard-forecast - INFO - ============================================================
2026-02-26 11:17:19 - thingsboard-forecast - INFO - Configuration validated successfully
2026-02-26 11:17:19 - thingsboard-forecast - INFO - ThingsBoard Host: https://cloud.thingsnode.cc
2026-02-26 11:17:19 - thingsboard-forecast - INFO - Default Target Level: 4
2026-02-26 11:17:19 - thingsboard-forecast - INFO - Timezone: Asia/Colombo
2026-02-26 11:17:19 - thingsboard-forecast - INFO - API is ready to accept requests
2026-02-26 11:17:19 - thingsboard-forecast - INFO - ============================================================
2026-02-26 11:22:01 - thingsboard-forecast - INFO - Received forecast request for asset: 78fda490-e08b-11f0-b68f-8f33a9d74e0c | already_have=True | start=2026-02-24 end=2026-04-30
2026-02-26 11:22:01 - thingsboard-forecast - INFO - Authenticating with ThingsBoard...
2026-02-26 11:22:02 - thingsboard-forecast - INFO - Successfully authenticated with ThingsBoard
2026-02-26 11:22:03 - thingsboard-forecast - INFO - Created job 6ed579a5-2ed6-4e32-902b-6c51816b5263 for asset 78fda490-e08b-11f0-b68f-8f33a9d74e0c
2026-02-26 11:22:03 - thingsboard-forecast - INFO - Forecast job 6ed579a5-2ed6-4e32-902b-6c51816b5263 started in background
2026-02-26 11:22:03 - thingsboard-forecast - INFO - Starting forecast job 6ed579a5-2ed6-4e32-902b-6c51816b5263 for main asset 78fda490-e08b-11f0-b68f-8f33a9d74e0c | already_have=True | start=2026-02-24T00:00:00 end=2026-04-30T00:00:00
2026-02-26 11:22:03 - thingsboard-forecast - INFO - Job 6ed579a5-2ed6-4e32-902b-6c51816b5263 status updated to running
2026-02-26 11:22:03 - thingsboard-forecast - INFO - Retrieving hierarchy from 78fda490-e08b-11f0-b68f-8f33a9d74e0c
2026-02-26 11:22:03 - thingsboard-forecast - INFO - Authenticating with ThingsBoard...
2026-02-26 11:22:04 - thingsboard-forecast - INFO - Successfully authenticated with ThingsBoard
2026-02-26 11:22:08 - thingsboard-forecast - INFO - Hierarchy resolved for 78fda490-e08b-11f0-b68f-8f33a9d74e0c: target_level=4, L2=7, L3=11, L4=8, processing_deepest_level=L4
2026-02-26 11:22:08 - thingsboard-forecast - INFO - Processing level-4 asset 1/8: GP_WCS1098 (973a7ea0-f06d-11f0-af3b-45cf7f181cac)
2026-02-26 11:22:08 - thingsboard-forecast - INFO - Processing asset 973a7ea0-f06d-11f0-af3b-45cf7f181cac
2026-02-26 11:22:08 - thingsboard-forecast - INFO - Retrieved 22 attributes for 973a7ea0-f06d-11f0-af3b-45cf7f181cac
2026-02-26 11:22:09 - thingsboard-forecast - INFO - Running power prediction for 973a7ea0-f06d-11f0-af3b-45cf7f181cac
2026-02-26 11:22:09 - thingsboard-forecast - INFO - Prediction completed for 973a7ea0-f06d-11f0-af3b-45cf7f181cac: 15711.87 kWh total
2026-02-26 11:22:09 - thingsboard-forecast - INFO - Writing telemetry for 973a7ea0-f06d-11f0-af3b-45cf7f181cac
2026-02-26 11:22:09 - thingsboard-forecast - INFO - Writing 66 telemetry records to 973a7ea0-f06d-11f0-af3b-45cf7f181cac
2026-02-26 11:22:36 - thingsboard-forecast - INFO - Successfully wrote 66 records to 973a7ea0-f06d-11f0-af3b-45cf7f181cac
2026-02-26 11:22:36 - thingsboard-forecast - INFO - Successfully wrote 66 telemetry records for 973a7ea0-f06d-11f0-af3b-45cf7f181cac
2026-02-26 11:22:36 - thingsboard-forecast - INFO - Processing level-4 asset 2/8: GP_WCS1138 (10425f40-08a4-11f1-8bdd-cfe25c37864b)
2026-02-26 11:22:36 - thingsboard-forecast - INFO - Processing asset 10425f40-08a4-11f1-8bdd-cfe25c37864b
2026-02-26 11:22:36 - thingsboard-forecast - INFO - Retrieved 22 attributes for 10425f40-08a4-11f1-8bdd-cfe25c37864b
2026-02-26 11:22:37 - thingsboard-forecast - INFO - Running power prediction for 10425f40-08a4-11f1-8bdd-cfe25c37864b
2026-02-26 11:22:37 - thingsboard-forecast - INFO - Prediction completed for 10425f40-08a4-11f1-8bdd-cfe25c37864b: 16286.61 kWh total
2026-02-26 11:22:37 - thingsboard-forecast - INFO - Writing telemetry for 10425f40-08a4-11f1-8bdd-cfe25c37864b
2026-02-26 11:22:37 - thingsboard-forecast - INFO - Writing 66 telemetry records to 10425f40-08a4-11f1-8bdd-cfe25c37864b
2026-02-26 11:23:02 - thingsboard-forecast - INFO - Successfully wrote 66 records to 10425f40-08a4-11f1-8bdd-cfe25c37864b
2026-02-26 11:23:02 - thingsboard-forecast - INFO - Successfully wrote 66 telemetry records for 10425f40-08a4-11f1-8bdd-cfe25c37864b
2026-02-26 11:23:02 - thingsboard-forecast - INFO - Processing level-4 asset 3/8: GP_CKS1138 (87657cb0-08a4-11f1-8bdd-cfe25c37864b)
2026-02-26 11:23:02 - thingsboard-forecast - INFO - Processing asset 87657cb0-08a4-11f1-8bdd-cfe25c37864b
2026-02-26 11:23:02 - thingsboard-forecast - INFO - Retrieved 22 attributes for 87657cb0-08a4-11f1-8bdd-cfe25c37864b
2026-02-26 11:23:03 - thingsboard-forecast - INFO - Running power prediction for 87657cb0-08a4-11f1-8bdd-cfe25c37864b
2026-02-26 11:23:03 - thingsboard-forecast - INFO - Prediction completed for 87657cb0-08a4-11f1-8bdd-cfe25c37864b: 83240.14 kWh total
2026-02-26 11:23:03 - thingsboard-forecast - INFO - Writing telemetry for 87657cb0-08a4-11f1-8bdd-cfe25c37864b
2026-02-26 11:23:03 - thingsboard-forecast - INFO - Writing 66 telemetry records to 87657cb0-08a4-11f1-8bdd-cfe25c37864b
2026-02-26 11:23:28 - thingsboard-forecast - INFO - Successfully wrote 66 records to 87657cb0-08a4-11f1-8bdd-cfe25c37864b
2026-02-26 11:23:28 - thingsboard-forecast - INFO - Successfully wrote 66 telemetry records for 87657cb0-08a4-11f1-8bdd-cfe25c37864b
2026-02-26 11:23:28 - thingsboard-forecast - INFO - Processing level-4 asset 4/8: GP_TEST (fd2a80b0-116b-11f1-8d01-cff7a27c53e8)
2026-02-26 11:23:28 - thingsboard-forecast - INFO - Processing asset fd2a80b0-116b-11f1-8d01-cff7a27c53e8
2026-02-26 11:23:29 - thingsboard-forecast - INFO - Retrieved 1 attributes for fd2a80b0-116b-11f1-8d01-cff7a27c53e8
2026-02-26 11:23:29 - thingsboard-forecast - WARNING - Asset fd2a80b0-116b-11f1-8d01-cff7a27c53e8 has attribute errors: ['latitude: missing', 'longitude: missing', 'orientation: missing', 'pv_module_area: missing', 'inverter_power: missing']
2026-02-26 11:23:29 - thingsboard-forecast - WARNING - Job 6ed579a5-2ed6-4e32-902b-6c51816b5263 - Asset fd2a80b0-116b-11f1-8d01-cff7a27c53e8 error: missing_required_attributes
2026-02-26 11:23:29 - thingsboard-forecast - INFO - Processing level-4 asset 5/8: GP_NAS1074 (35fa65d0-08a3-11f1-8bdd-cfe25c37864b)
2026-02-26 11:23:29 - thingsboard-forecast - INFO - Processing asset 35fa65d0-08a3-11f1-8bdd-cfe25c37864b
2026-02-26 11:23:29 - thingsboard-forecast - INFO - Retrieved 22 attributes for 35fa65d0-08a3-11f1-8bdd-cfe25c37864b
2026-02-26 11:23:29 - thingsboard-forecast - WARNING - Asset 35fa65d0-08a3-11f1-8bdd-cfe25c37864b has attribute errors: ['orientation[7].tilt: missing', 'orientation[7].azimuth: missing']
2026-02-26 11:23:29 - thingsboard-forecast - WARNING - Job 6ed579a5-2ed6-4e32-902b-6c51816b5263 - Asset 35fa65d0-08a3-11f1-8bdd-cfe25c37864b error: missing_required_attributes
2026-02-26 11:23:29 - thingsboard-forecast - INFO - Processing level-4 asset 6/8: GP_SRS1116 (c85151a0-08a3-11f1-8bdd-cfe25c37864b)
2026-02-26 11:23:29 - thingsboard-forecast - INFO - Processing asset c85151a0-08a3-11f1-8bdd-cfe25c37864b
2026-02-26 11:23:29 - thingsboard-forecast - INFO - Retrieved 22 attributes for c85151a0-08a3-11f1-8bdd-cfe25c37864b
2026-02-26 11:23:30 - thingsboard-forecast - INFO - Running power prediction for c85151a0-08a3-11f1-8bdd-cfe25c37864b
2026-02-26 11:23:30 - thingsboard-forecast - INFO - Prediction completed for c85151a0-08a3-11f1-8bdd-cfe25c37864b: 60319.24 kWh total
2026-02-26 11:23:30 - thingsboard-forecast - INFO - Writing telemetry for c85151a0-08a3-11f1-8bdd-cfe25c37864b
2026-02-26 11:23:30 - thingsboard-forecast - INFO - Writing 66 telemetry records to c85151a0-08a3-11f1-8bdd-cfe25c37864b
2026-02-26 11:23:56 - thingsboard-forecast - INFO - Successfully wrote 66 records to c85151a0-08a3-11f1-8bdd-cfe25c37864b
2026-02-26 11:23:56 - thingsboard-forecast - INFO - Successfully wrote 66 telemetry records for c85151a0-08a3-11f1-8bdd-cfe25c37864b
2026-02-26 11:23:56 - thingsboard-forecast - INFO - Processing level-4 asset 7/8: GP_SMS1129 (8ea89070-089f-11f1-8bdd-cfe25c37864b)
2026-02-26 11:23:56 - thingsboard-forecast - INFO - Processing asset 8ea89070-089f-11f1-8bdd-cfe25c37864b
2026-02-26 11:23:57 - thingsboard-forecast - INFO - Retrieved 22 attributes for 8ea89070-089f-11f1-8bdd-cfe25c37864b
2026-02-26 11:23:57 - thingsboard-forecast - INFO - Running power prediction for 8ea89070-089f-11f1-8bdd-cfe25c37864b
2026-02-26 11:23:57 - thingsboard-forecast - INFO - Prediction completed for 8ea89070-089f-11f1-8bdd-cfe25c37864b: 30737.34 kWh total
2026-02-26 11:23:57 - thingsboard-forecast - INFO - Writing telemetry for 8ea89070-089f-11f1-8bdd-cfe25c37864b
2026-02-26 11:23:57 - thingsboard-forecast - INFO - Writing 66 telemetry records to 8ea89070-089f-11f1-8bdd-cfe25c37864b
2026-02-26 11:24:22 - thingsboard-forecast - INFO - Successfully wrote 66 records to 8ea89070-089f-11f1-8bdd-cfe25c37864b
2026-02-26 11:24:22 - thingsboard-forecast - INFO - Successfully wrote 66 telemetry records for 8ea89070-089f-11f1-8bdd-cfe25c37864b
2026-02-26 11:24:22 - thingsboard-forecast - INFO - Processing level-4 asset 8/8: GP_NKS1058 (0c982af0-07ff-11f1-8bdd-cfe25c37864b)
2026-02-26 11:24:22 - thingsboard-forecast - INFO - Processing asset 0c982af0-07ff-11f1-8bdd-cfe25c37864b
2026-02-26 11:24:23 - thingsboard-forecast - INFO - Retrieved 22 attributes for 0c982af0-07ff-11f1-8bdd-cfe25c37864b
2026-02-26 11:24:23 - thingsboard-forecast - WARNING - Asset 0c982af0-07ff-11f1-8bdd-cfe25c37864b has attribute errors: ['orientation[2].module_count: missing', 'orientation[6].module_count: missing']
2026-02-26 11:24:23 - thingsboard-forecast - WARNING - Job 6ed579a5-2ed6-4e32-902b-6c51816b5263 - Asset 0c982af0-07ff-11f1-8bdd-cfe25c37864b error: missing_required_attributes
2026-02-26 11:24:23 - thingsboard-forecast - INFO - Writing 66 telemetry records to f1b84100-e564-11f0-b68f-8f33a9d74e0c
2026-02-26 11:24:48 - thingsboard-forecast - INFO - Successfully wrote 66 records to f1b84100-e564-11f0-b68f-8f33a9d74e0c
2026-02-26 11:24:48 - thingsboard-forecast - INFO - Rolled up 2 level-4 assets into level-3 asset GP_Colombo_District (f1b84100-e564-11f0-b68f-8f33a9d74e0c)
2026-02-26 11:24:49 - thingsboard-forecast - WARNING - No successful level-4 telemetry to roll up for level-3 asset GP_Gampaha_District (6bbf4050-e08a-11f0-b68f-8f33a9d74e0c)
2026-02-26 11:24:49 - thingsboard-forecast - WARNING - No successful level-4 telemetry to roll up for level-3 asset GP_Kaluthara_District (c5437c70-e564-11f0-b68f-8f33a9d74e0c)
2026-02-26 11:24:49 - thingsboard-forecast - INFO - Writing 66 telemetry records to baa26d70-e565-11f0-b68f-8f33a9d74e0c
2026-02-26 11:25:14 - thingsboard-forecast - INFO - Successfully wrote 66 records to baa26d70-e565-11f0-b68f-8f33a9d74e0c
2026-02-26 11:25:14 - thingsboard-forecast - INFO - Rolled up 1 level-4 assets into level-3 asset GP_Kandy_District (baa26d70-e565-11f0-b68f-8f33a9d74e0c)
2026-02-26 11:25:15 - thingsboard-forecast - WARNING - No successful level-4 telemetry to roll up for level-3 asset GP_NuwaraEliya_District (e548daa0-e565-11f0-b68f-8f33a9d74e0c)
2026-02-26 11:25:15 - thingsboard-forecast - WARNING - No successful level-4 telemetry to roll up for level-3 asset GP_Matale_District (d42a87a0-e565-11f0-b68f-8f33a9d74e0c)
2026-02-26 11:25:15 - thingsboard-forecast - WARNING - No successful level-4 telemetry to roll up for level-3 asset GP_Anuradhapura_District (585b86f0-08a7-11f1-8bdd-cfe25c37864b)
2026-02-26 11:25:15 - thingsboard-forecast - INFO - Writing 66 telemetry records to 064d18f0-e56c-11f0-b68f-8f33a9d74e0c
2026-02-26 11:25:41 - thingsboard-forecast - INFO - Successfully wrote 66 records to 064d18f0-e56c-11f0-b68f-8f33a9d74e0c
2026-02-26 11:25:41 - thingsboard-forecast - INFO - Rolled up 1 level-4 assets into level-3 asset GP_Rathnapura_District (064d18f0-e56c-11f0-b68f-8f33a9d74e0c)
2026-02-26 11:25:41 - thingsboard-forecast - WARNING - No successful level-4 telemetry to roll up for level-3 asset GP_Kegalle_District (33420a00-e56c-11f0-b68f-8f33a9d74e0c)
2026-02-26 11:25:41 - thingsboard-forecast - INFO - Writing 66 telemetry records to 011fb860-08a8-11f1-8bdd-cfe25c37864b
2026-02-26 11:26:07 - thingsboard-forecast - INFO - Successfully wrote 66 records to 011fb860-08a8-11f1-8bdd-cfe25c37864b
2026-02-26 11:26:07 - thingsboard-forecast - INFO - Rolled up 1 level-4 assets into level-3 asset GP_Matara_District (011fb860-08a8-11f1-8bdd-cfe25c37864b)
2026-02-26 11:26:07 - thingsboard-forecast - WARNING - No successful level-4 telemetry to roll up for level-3 asset GP_Kurunegala_District (891165b0-08a9-11f1-8bdd-cfe25c37864b)
2026-02-26 11:26:07 - thingsboard-forecast - INFO - Writing 66 telemetry records to 2e68a010-e08b-11f0-b68f-8f33a9d74e0c
2026-02-26 11:26:32 - thingsboard-forecast - INFO - Successfully wrote 66 records to 2e68a010-e08b-11f0-b68f-8f33a9d74e0c
2026-02-26 11:26:32 - thingsboard-forecast - INFO - Rolled up 3 level-3 assets into level-2 asset GP_Western_Province (2e68a010-e08b-11f0-b68f-8f33a9d74e0c)
2026-02-26 11:26:32 - thingsboard-forecast - INFO - Writing 66 telemetry records to 542eab00-e559-11f0-b68f-8f33a9d74e0c
2026-02-26 11:26:56 - thingsboard-forecast - INFO - Successfully wrote 66 records to 542eab00-e559-11f0-b68f-8f33a9d74e0c
2026-02-26 11:26:56 - thingsboard-forecast - INFO - Rolled up 3 level-3 assets into level-2 asset GP_Central_Province (542eab00-e559-11f0-b68f-8f33a9d74e0c)
2026-02-26 11:26:57 - thingsboard-forecast - WARNING - No successful level-3 telemetry to roll up for level-2 asset GP_NorthCentral_Province (5bc1d660-e55b-11f0-b68f-8f33a9d74e0c)
2026-02-26 11:26:57 - thingsboard-forecast - INFO - Writing 66 telemetry records to 922edf70-e55d-11f0-b68f-8f33a9d74e0c
2026-02-26 11:27:22 - thingsboard-forecast - INFO - Successfully wrote 66 records to 922edf70-e55d-11f0-b68f-8f33a9d74e0c
2026-02-26 11:27:22 - thingsboard-forecast - INFO - Rolled up 2 level-3 assets into level-2 asset GP_Sabaragamuwa_Province (922edf70-e55d-11f0-b68f-8f33a9d74e0c)
2026-02-26 11:27:22 - thingsboard-forecast - INFO - Writing 66 telemetry records to f3b48730-e559-11f0-b68f-8f33a9d74e0c
2026-02-26 11:27:48 - thingsboard-forecast - INFO - Successfully wrote 66 records to f3b48730-e559-11f0-b68f-8f33a9d74e0c
2026-02-26 11:27:48 - thingsboard-forecast - INFO - Rolled up 1 level-3 assets into level-2 asset GP_Southern_Province (f3b48730-e559-11f0-b68f-8f33a9d74e0c)
2026-02-26 11:27:48 - thingsboard-forecast - WARNING - No successful level-3 telemetry to roll up for level-2 asset GP_Uva_Province (e3722a60-e55b-11f0-b68f-8f33a9d74e0c)
2026-02-26 11:27:48 - thingsboard-forecast - WARNING - No successful level-3 telemetry to roll up for level-2 asset GP_NorthWestern_Province (3bbe5780-e55b-11f0-b68f-8f33a9d74e0c)
2026-02-26 11:27:48 - thingsboard-forecast - INFO - Writing 66 telemetry records to 78fda490-e08b-11f0-b68f-8f33a9d74e0c
2026-02-26 11:28:20 - thingsboard-forecast - INFO - Successfully wrote 66 records to 78fda490-e08b-11f0-b68f-8f33a9d74e0c
2026-02-26 11:28:20 - thingsboard-forecast - INFO - Rolled up 4 level-2 assets into level-1 asset GP_All Island (78fda490-e08b-11f0-b68f-8f33a9d74e0c)
2026-02-26 11:28:20 - thingsboard-forecast - WARNING - No level-0 sending devices found under main asset 78fda490-e08b-11f0-b68f-8f33a9d74e0c
2026-02-26 11:28:20 - thingsboard-forecast - INFO - Job 6ed579a5-2ed6-4e32-902b-6c51816b5263 Roll-up summary: target_level=4, processed_level=4, asset_rollup_assets_written=8, asset_rollup_records_written=528, level1_records_written=66, level0_devices_written=0, level0_records_written=0
2026-02-26 11:28:20 - thingsboard-forecast - INFO - Forecast job 6ed579a5-2ed6-4e32-902b-6c51816b5263 completed: 5 successful, 0 failed, 3 skipped
2026-02-26 11:28:20 - thingsboard-forecast - INFO - Job 6ed579a5-2ed6-4e32-902b-6c51816b5263 status updated to completed
2026-02-26 11:33:01 - thingsboard-forecast - INFO - Received forecast request for asset: 78fda490-e08b-11f0-b68f-8f33a9d74e0c | already_have=True | start=2026-02-24 end=2026-04-30
2026-02-26 11:33:02 - thingsboard-forecast - INFO - Authenticating with ThingsBoard...
2026-02-26 11:33:03 - thingsboard-forecast - INFO - Successfully authenticated with ThingsBoard
2026-02-26 11:33:03 - thingsboard-forecast - INFO - Created job dacf3b3b-d203-454d-8c28-3053430616e6 for asset 78fda490-e08b-11f0-b68f-8f33a9d74e0c
2026-02-26 11:33:03 - thingsboard-forecast - INFO - Forecast job dacf3b3b-d203-454d-8c28-3053430616e6 started in background
2026-02-26 11:33:03 - thingsboard-forecast - INFO - Starting forecast job dacf3b3b-d203-454d-8c28-3053430616e6 for main asset 78fda490-e08b-11f0-b68f-8f33a9d74e0c | already_have=True | start=2026-02-24T00:00:00 end=2026-04-30T00:00:00
2026-02-26 11:33:03 - thingsboard-forecast - INFO - Job dacf3b3b-d203-454d-8c28-3053430616e6 status updated to running
2026-02-26 11:33:03 - thingsboard-forecast - INFO - Retrieving hierarchy from 78fda490-e08b-11f0-b68f-8f33a9d74e0c
2026-02-26 11:33:03 - thingsboard-forecast - INFO - Authenticating with ThingsBoard...
2026-02-26 11:33:04 - thingsboard-forecast - INFO - Successfully authenticated with ThingsBoard
2026-02-26 11:33:08 - thingsboard-forecast - INFO - Hierarchy resolved for 78fda490-e08b-11f0-b68f-8f33a9d74e0c: target_level=4, L2=7, L3=11, L4=8, processing_deepest_level=L4
2026-02-26 11:33:09 - thingsboard-forecast - INFO - Processing level-4 asset 1/8: GP_WCS1098 (973a7ea0-f06d-11f0-af3b-45cf7f181cac)
2026-02-26 11:33:09 - thingsboard-forecast - INFO - Processing asset 973a7ea0-f06d-11f0-af3b-45cf7f181cac
2026-02-26 11:33:09 - thingsboard-forecast - INFO - Retrieved 22 attributes for 973a7ea0-f06d-11f0-af3b-45cf7f181cac
2026-02-26 11:33:09 - thingsboard-forecast - INFO - Running power prediction for 973a7ea0-f06d-11f0-af3b-45cf7f181cac
2026-02-26 11:33:09 - thingsboard-forecast - INFO - Prediction completed for 973a7ea0-f06d-11f0-af3b-45cf7f181cac: 15711.87 kWh total
2026-02-26 11:33:09 - thingsboard-forecast - INFO - Writing telemetry for 973a7ea0-f06d-11f0-af3b-45cf7f181cac
2026-02-26 11:33:09 - thingsboard-forecast - INFO - Writing 66 telemetry records to 973a7ea0-f06d-11f0-af3b-45cf7f181cac
2026-02-26 11:33:36 - thingsboard-forecast - INFO - Successfully wrote 66 records to 973a7ea0-f06d-11f0-af3b-45cf7f181cac
2026-02-26 11:33:36 - thingsboard-forecast - INFO - Successfully wrote 66 telemetry records for 973a7ea0-f06d-11f0-af3b-45cf7f181cac
2026-02-26 11:33:36 - thingsboard-forecast - INFO - Processing level-4 asset 2/8: GP_WCS1138 (10425f40-08a4-11f1-8bdd-cfe25c37864b)
2026-02-26 11:33:36 - thingsboard-forecast - INFO - Processing asset 10425f40-08a4-11f1-8bdd-cfe25c37864b
2026-02-26 11:33:36 - thingsboard-forecast - INFO - Retrieved 22 attributes for 10425f40-08a4-11f1-8bdd-cfe25c37864b
2026-02-26 11:33:37 - thingsboard-forecast - INFO - Running power prediction for 10425f40-08a4-11f1-8bdd-cfe25c37864b
2026-02-26 11:33:37 - thingsboard-forecast - INFO - Prediction completed for 10425f40-08a4-11f1-8bdd-cfe25c37864b: 16286.61 kWh total
2026-02-26 11:33:37 - thingsboard-forecast - INFO - Writing telemetry for 10425f40-08a4-11f1-8bdd-cfe25c37864b
2026-02-26 11:33:37 - thingsboard-forecast - INFO - Writing 66 telemetry records to 10425f40-08a4-11f1-8bdd-cfe25c37864b
2026-02-26 11:34:01 - thingsboard-forecast - INFO - Successfully wrote 66 records to 10425f40-08a4-11f1-8bdd-cfe25c37864b
2026-02-26 11:34:01 - thingsboard-forecast - INFO - Successfully wrote 66 telemetry records for 10425f40-08a4-11f1-8bdd-cfe25c37864b
2026-02-26 11:34:01 - thingsboard-forecast - INFO - Processing level-4 asset 3/8: GP_CKS1138 (87657cb0-08a4-11f1-8bdd-cfe25c37864b)
2026-02-26 11:34:01 - thingsboard-forecast - INFO - Processing asset 87657cb0-08a4-11f1-8bdd-cfe25c37864b
2026-02-26 11:34:01 - thingsboard-forecast - INFO - Retrieved 22 attributes for 87657cb0-08a4-11f1-8bdd-cfe25c37864b
2026-02-26 11:34:02 - thingsboard-forecast - INFO - Running power prediction for 87657cb0-08a4-11f1-8bdd-cfe25c37864b
2026-02-26 11:34:02 - thingsboard-forecast - INFO - Prediction completed for 87657cb0-08a4-11f1-8bdd-cfe25c37864b: 83240.14 kWh total
2026-02-26 11:34:02 - thingsboard-forecast - INFO - Writing telemetry for 87657cb0-08a4-11f1-8bdd-cfe25c37864b
2026-02-26 11:34:02 - thingsboard-forecast - INFO - Writing 66 telemetry records to 87657cb0-08a4-11f1-8bdd-cfe25c37864b
2026-02-26 11:34:29 - thingsboard-forecast - INFO - Successfully wrote 66 records to 87657cb0-08a4-11f1-8bdd-cfe25c37864b
2026-02-26 11:34:29 - thingsboard-forecast - INFO - Successfully wrote 66 telemetry records for 87657cb0-08a4-11f1-8bdd-cfe25c37864b
2026-02-26 11:34:29 - thingsboard-forecast - INFO - Processing level-4 asset 4/8: GP_TEST (fd2a80b0-116b-11f1-8d01-cff7a27c53e8)
2026-02-26 11:34:29 - thingsboard-forecast - INFO - Processing asset fd2a80b0-116b-11f1-8d01-cff7a27c53e8
2026-02-26 11:34:29 - thingsboard-forecast - INFO - Retrieved 1 attributes for fd2a80b0-116b-11f1-8d01-cff7a27c53e8
2026-02-26 11:34:29 - thingsboard-forecast - WARNING - Asset fd2a80b0-116b-11f1-8d01-cff7a27c53e8 has attribute errors: ['latitude: missing', 'longitude: missing', 'orientation: missing', 'pv_module_area: missing', 'inverter_power: missing']
2026-02-26 11:34:29 - thingsboard-forecast - WARNING - Job dacf3b3b-d203-454d-8c28-3053430616e6 - Asset fd2a80b0-116b-11f1-8d01-cff7a27c53e8 error: missing_required_attributes
2026-02-26 11:34:29 - thingsboard-forecast - INFO - Processing level-4 asset 5/8: GP_NAS1074 (35fa65d0-08a3-11f1-8bdd-cfe25c37864b)
2026-02-26 11:34:29 - thingsboard-forecast - INFO - Processing asset 35fa65d0-08a3-11f1-8bdd-cfe25c37864b
2026-02-26 11:34:30 - thingsboard-forecast - INFO - Retrieved 22 attributes for 35fa65d0-08a3-11f1-8bdd-cfe25c37864b
2026-02-26 11:34:30 - thingsboard-forecast - WARNING - No telemetry data in range for asset 35fa65d0-08a3-11f1-8bdd-cfe25c37864b
2026-02-26 11:34:30 - thingsboard-forecast - WARNING - Asset 35fa65d0-08a3-11f1-8bdd-cfe25c37864b lacks historical data in requested range; continuing with forecast-only generation
2026-02-26 11:34:30 - thingsboard-forecast - INFO - Running power prediction for 35fa65d0-08a3-11f1-8bdd-cfe25c37864b
2026-02-26 11:34:31 - thingsboard-forecast - INFO - Prediction completed for 35fa65d0-08a3-11f1-8bdd-cfe25c37864b: 40870.14 kWh total
2026-02-26 11:34:31 - thingsboard-forecast - INFO - Writing telemetry for 35fa65d0-08a3-11f1-8bdd-cfe25c37864b
2026-02-26 11:34:31 - thingsboard-forecast - INFO - Writing 66 telemetry records to 35fa65d0-08a3-11f1-8bdd-cfe25c37864b
2026-02-26 11:34:57 - thingsboard-forecast - INFO - Successfully wrote 66 records to 35fa65d0-08a3-11f1-8bdd-cfe25c37864b
2026-02-26 11:34:57 - thingsboard-forecast - INFO - Successfully wrote 66 telemetry records for 35fa65d0-08a3-11f1-8bdd-cfe25c37864b
2026-02-26 11:34:58 - thingsboard-forecast - INFO - Processing level-4 asset 6/8: GP_SRS1116 (c85151a0-08a3-11f1-8bdd-cfe25c37864b)
2026-02-26 11:34:58 - thingsboard-forecast - INFO - Processing asset c85151a0-08a3-11f1-8bdd-cfe25c37864b
2026-02-26 11:34:58 - thingsboard-forecast - INFO - Retrieved 22 attributes for c85151a0-08a3-11f1-8bdd-cfe25c37864b
2026-02-26 11:34:59 - thingsboard-forecast - INFO - Running power prediction for c85151a0-08a3-11f1-8bdd-cfe25c37864b
2026-02-26 11:34:59 - thingsboard-forecast - INFO - Prediction completed for c85151a0-08a3-11f1-8bdd-cfe25c37864b: 60319.24 kWh total
2026-02-26 11:34:59 - thingsboard-forecast - INFO - Writing telemetry for c85151a0-08a3-11f1-8bdd-cfe25c37864b
2026-02-26 11:34:59 - thingsboard-forecast - INFO - Writing 66 telemetry records to c85151a0-08a3-11f1-8bdd-cfe25c37864b
2026-02-26 11:35:25 - thingsboard-forecast - INFO - Successfully wrote 66 records to c85151a0-08a3-11f1-8bdd-cfe25c37864b
2026-02-26 11:35:25 - thingsboard-forecast - INFO - Successfully wrote 66 telemetry records for c85151a0-08a3-11f1-8bdd-cfe25c37864b
2026-02-26 11:35:25 - thingsboard-forecast - INFO - Processing level-4 asset 7/8: GP_SMS1129 (8ea89070-089f-11f1-8bdd-cfe25c37864b)
2026-02-26 11:35:25 - thingsboard-forecast - INFO - Processing asset 8ea89070-089f-11f1-8bdd-cfe25c37864b
2026-02-26 11:35:25 - thingsboard-forecast - INFO - Retrieved 22 attributes for 8ea89070-089f-11f1-8bdd-cfe25c37864b
2026-02-26 11:35:26 - thingsboard-forecast - INFO - Running power prediction for 8ea89070-089f-11f1-8bdd-cfe25c37864b
2026-02-26 11:35:26 - thingsboard-forecast - INFO - Prediction completed for 8ea89070-089f-11f1-8bdd-cfe25c37864b: 30737.34 kWh total
2026-02-26 11:35:26 - thingsboard-forecast - INFO - Writing telemetry for 8ea89070-089f-11f1-8bdd-cfe25c37864b
2026-02-26 11:35:26 - thingsboard-forecast - INFO - Writing 66 telemetry records to 8ea89070-089f-11f1-8bdd-cfe25c37864b
2026-02-26 11:35:53 - thingsboard-forecast - INFO - Successfully wrote 66 records to 8ea89070-089f-11f1-8bdd-cfe25c37864b
2026-02-26 11:35:53 - thingsboard-forecast - INFO - Successfully wrote 66 telemetry records for 8ea89070-089f-11f1-8bdd-cfe25c37864b
2026-02-26 11:35:53 - thingsboard-forecast - INFO - Processing level-4 asset 8/8: GP_NKS1058 (0c982af0-07ff-11f1-8bdd-cfe25c37864b)
2026-02-26 11:35:53 - thingsboard-forecast - INFO - Processing asset 0c982af0-07ff-11f1-8bdd-cfe25c37864b
2026-02-26 11:35:53 - thingsboard-forecast - INFO - Retrieved 22 attributes for 0c982af0-07ff-11f1-8bdd-cfe25c37864b
2026-02-26 11:35:53 - thingsboard-forecast - WARNING - Asset 0c982af0-07ff-11f1-8bdd-cfe25c37864b has attribute errors: ['orientation[2].module_count: missing']
2026-02-26 11:35:53 - thingsboard-forecast - WARNING - Job dacf3b3b-d203-454d-8c28-3053430616e6 - Asset 0c982af0-07ff-11f1-8bdd-cfe25c37864b error: missing_required_attributes
2026-02-26 11:35:53 - thingsboard-forecast - INFO - Writing 66 telemetry records to f1b84100-e564-11f0-b68f-8f33a9d74e0c
2026-02-26 11:36:20 - thingsboard-forecast - INFO - Successfully wrote 66 records to f1b84100-e564-11f0-b68f-8f33a9d74e0c
2026-02-26 11:36:20 - thingsboard-forecast - INFO - Rolled up 2 level-4 assets into level-3 asset GP_Colombo_District (f1b84100-e564-11f0-b68f-8f33a9d74e0c)
2026-02-26 11:36:21 - thingsboard-forecast - WARNING - No successful level-4 telemetry to roll up for level-3 asset GP_Gampaha_District (6bbf4050-e08a-11f0-b68f-8f33a9d74e0c)
2026-02-26 11:36:21 - thingsboard-forecast - WARNING - No successful level-4 telemetry to roll up for level-3 asset GP_Kaluthara_District (c5437c70-e564-11f0-b68f-8f33a9d74e0c)
2026-02-26 11:36:21 - thingsboard-forecast - INFO - Writing 66 telemetry records to baa26d70-e565-11f0-b68f-8f33a9d74e0c
2026-02-26 11:36:49 - thingsboard-forecast - INFO - Successfully wrote 66 records to baa26d70-e565-11f0-b68f-8f33a9d74e0c
2026-02-26 11:36:49 - thingsboard-forecast - INFO - Rolled up 1 level-4 assets into level-3 asset GP_Kandy_District (baa26d70-e565-11f0-b68f-8f33a9d74e0c)
2026-02-26 11:36:49 - thingsboard-forecast - WARNING - No successful level-4 telemetry to roll up for level-3 asset GP_NuwaraEliya_District (e548daa0-e565-11f0-b68f-8f33a9d74e0c)
2026-02-26 11:36:49 - thingsboard-forecast - WARNING - No successful level-4 telemetry to roll up for level-3 asset GP_Matale_District (d42a87a0-e565-11f0-b68f-8f33a9d74e0c)
2026-02-26 11:36:50 - thingsboard-forecast - INFO - Writing 66 telemetry records to 585b86f0-08a7-11f1-8bdd-cfe25c37864b
2026-02-26 11:37:17 - thingsboard-forecast - INFO - Successfully wrote 66 records to 585b86f0-08a7-11f1-8bdd-cfe25c37864b
2026-02-26 11:37:17 - thingsboard-forecast - INFO - Rolled up 1 level-4 assets into level-3 asset GP_Anuradhapura_District (585b86f0-08a7-11f1-8bdd-cfe25c37864b)
2026-02-26 11:37:17 - thingsboard-forecast - INFO - Writing 66 telemetry records to 064d18f0-e56c-11f0-b68f-8f33a9d74e0c
2026-02-26 11:37:45 - thingsboard-forecast - INFO - Successfully wrote 66 records to 064d18f0-e56c-11f0-b68f-8f33a9d74e0c
2026-02-26 11:37:45 - thingsboard-forecast - INFO - Rolled up 1 level-4 assets into level-3 asset GP_Rathnapura_District (064d18f0-e56c-11f0-b68f-8f33a9d74e0c)
2026-02-26 11:37:45 - thingsboard-forecast - WARNING - No successful level-4 telemetry to roll up for level-3 asset GP_Kegalle_District (33420a00-e56c-11f0-b68f-8f33a9d74e0c)
2026-02-26 11:37:46 - thingsboard-forecast - INFO - Writing 66 telemetry records to 011fb860-08a8-11f1-8bdd-cfe25c37864b
2026-02-26 11:38:14 - thingsboard-forecast - INFO - Successfully wrote 66 records to 011fb860-08a8-11f1-8bdd-cfe25c37864b
2026-02-26 11:38:14 - thingsboard-forecast - INFO - Rolled up 1 level-4 assets into level-3 asset GP_Matara_District (011fb860-08a8-11f1-8bdd-cfe25c37864b)
2026-02-26 11:38:14 - thingsboard-forecast - WARNING - No successful level-4 telemetry to roll up for level-3 asset GP_Kurunegala_District (891165b0-08a9-11f1-8bdd-cfe25c37864b)
2026-02-26 11:38:14 - thingsboard-forecast - INFO - Writing 66 telemetry records to 2e68a010-e08b-11f0-b68f-8f33a9d74e0c
2026-02-26 11:38:43 - thingsboard-forecast - INFO - Successfully wrote 66 records to 2e68a010-e08b-11f0-b68f-8f33a9d74e0c
2026-02-26 11:38:43 - thingsboard-forecast - INFO - Rolled up 3 level-3 assets into level-2 asset GP_Western_Province (2e68a010-e08b-11f0-b68f-8f33a9d74e0c)
2026-02-26 11:38:43 - thingsboard-forecast - INFO - Writing 66 telemetry records to 542eab00-e559-11f0-b68f-8f33a9d74e0c
2026-02-26 11:39:11 - thingsboard-forecast - INFO - Successfully wrote 66 records to 542eab00-e559-11f0-b68f-8f33a9d74e0c
2026-02-26 11:39:11 - thingsboard-forecast - INFO - Rolled up 3 level-3 assets into level-2 asset GP_Central_Province (542eab00-e559-11f0-b68f-8f33a9d74e0c)
2026-02-26 11:39:11 - thingsboard-forecast - INFO - Writing 66 telemetry records to 5bc1d660-e55b-11f0-b68f-8f33a9d74e0c
2026-02-26 11:39:40 - thingsboard-forecast - INFO - Successfully wrote 66 records to 5bc1d660-e55b-11f0-b68f-8f33a9d74e0c
2026-02-26 11:39:40 - thingsboard-forecast - INFO - Rolled up 1 level-3 assets into level-2 asset GP_NorthCentral_Province (5bc1d660-e55b-11f0-b68f-8f33a9d74e0c)
2026-02-26 11:39:40 - thingsboard-forecast - INFO - Writing 66 telemetry records to 922edf70-e55d-11f0-b68f-8f33a9d74e0c
2026-02-26 11:40:08 - thingsboard-forecast - INFO - Successfully wrote 66 records to 922edf70-e55d-11f0-b68f-8f33a9d74e0c
2026-02-26 11:40:08 - thingsboard-forecast - INFO - Rolled up 2 level-3 assets into level-2 asset GP_Sabaragamuwa_Province (922edf70-e55d-11f0-b68f-8f33a9d74e0c)
2026-02-26 11:40:08 - thingsboard-forecast - INFO - Writing 66 telemetry records to f3b48730-e559-11f0-b68f-8f33a9d74e0c
2026-02-26 11:41:00 - thingsboard-forecast - INFO - Successfully wrote 66 records to f3b48730-e559-11f0-b68f-8f33a9d74e0c
2026-02-26 11:41:00 - thingsboard-forecast - INFO - Rolled up 1 level-3 assets into level-2 asset GP_Southern_Province (f3b48730-e559-11f0-b68f-8f33a9d74e0c)
2026-02-26 11:41:00 - thingsboard-forecast - WARNING - No successful level-3 telemetry to roll up for level-2 asset GP_Uva_Province (e3722a60-e55b-11f0-b68f-8f33a9d74e0c)
2026-02-26 11:41:00 - thingsboard-forecast - WARNING - No successful level-3 telemetry to roll up for level-2 asset GP_NorthWestern_Province (3bbe5780-e55b-11f0-b68f-8f33a9d74e0c)
2026-02-26 11:41:00 - thingsboard-forecast - INFO - Writing 66 telemetry records to 78fda490-e08b-11f0-b68f-8f33a9d74e0c
2026-02-26 11:41:57 - thingsboard-forecast - INFO - Successfully wrote 66 records to 78fda490-e08b-11f0-b68f-8f33a9d74e0c
2026-02-26 11:41:57 - thingsboard-forecast - INFO - Rolled up 5 level-2 assets into level-1 asset GP_All Island (78fda490-e08b-11f0-b68f-8f33a9d74e0c)
2026-02-26 11:41:57 - thingsboard-forecast - WARNING - No level-0 sending devices found under main asset 78fda490-e08b-11f0-b68f-8f33a9d74e0c
2026-02-26 11:41:57 - thingsboard-forecast - INFO - Job dacf3b3b-d203-454d-8c28-3053430616e6 Roll-up summary: target_level=4, processed_level=4, asset_rollup_assets_written=10, asset_rollup_records_written=660, level1_records_written=66, level0_devices_written=0, level0_records_written=0
2026-02-26 11:41:57 - thingsboard-forecast - INFO - Forecast job dacf3b3b-d203-454d-8c28-3053430616e6 completed: 6 successful, 0 failed, 2 skipped
2026-02-26 11:41:57 - thingsboard-forecast - INFO - Job dacf3b3b-d203-454d-8c28-3053430616e6 status updated to completed
2026-02-26 11:54:58 - thingsboard-forecast - INFO - ============================================================
2026-02-26 11:54:58 - thingsboard-forecast - INFO - Shutting down API service
2026-02-26 11:54:58 - thingsboard-forecast - INFO - ============================================================
2026-02-26 23:11:22 - thingsboard-forecast - INFO - ============================================================
2026-02-26 23:11:22 - thingsboard-forecast - INFO - Starting thingsboard-power-forecast-api v1.0.0
2026-02-26 23:11:22 - thingsboard-forecast - INFO - ============================================================
2026-02-26 23:11:22 - thingsboard-forecast - INFO - Configuration validated successfully
2026-02-26 23:11:22 - thingsboard-forecast - INFO - ThingsBoard Host: https://cloud.thingsnode.cc
2026-02-26 23:11:22 - thingsboard-forecast - INFO - Default Target Level: 4
2026-02-26 23:11:22 - thingsboard-forecast - INFO - Timezone: Asia/Colombo
2026-02-26 23:11:22 - thingsboard-forecast - INFO - API is ready to accept requests
2026-02-26 23:11:22 - thingsboard-forecast - INFO - ============================================================
2026-02-26 23:12:26 - thingsboard-forecast - INFO - Received forecast request for asset: 78fda490-e08b-11f0-b68f-8f33a9d74e0c | already_have=True | start=2026-02-20 end=2026-04-30
2026-02-26 23:12:27 - thingsboard-forecast - INFO - Authenticating with ThingsBoard...
2026-02-26 23:12:28 - thingsboard-forecast - INFO - Successfully authenticated with ThingsBoard
2026-02-26 23:12:28 - thingsboard-forecast - INFO - Created job 3d61dff0-0e80-4746-b30c-8301def35700 for asset 78fda490-e08b-11f0-b68f-8f33a9d74e0c
2026-02-26 23:12:28 - thingsboard-forecast - INFO - Forecast job 3d61dff0-0e80-4746-b30c-8301def35700 started in background
2026-02-26 23:12:28 - thingsboard-forecast - INFO - Starting forecast job 3d61dff0-0e80-4746-b30c-8301def35700 for main asset 78fda490-e08b-11f0-b68f-8f33a9d74e0c | already_have=True | start=2026-02-20T00:00:00 end=2026-04-30T00:00:00
2026-02-26 23:12:28 - thingsboard-forecast - INFO - Job 3d61dff0-0e80-4746-b30c-8301def35700 status updated to running
2026-02-26 23:12:28 - thingsboard-forecast - INFO - Retrieving hierarchy from 78fda490-e08b-11f0-b68f-8f33a9d74e0c
2026-02-26 23:12:28 - thingsboard-forecast - INFO - Authenticating with ThingsBoard...
2026-02-26 23:12:29 - thingsboard-forecast - INFO - Successfully authenticated with ThingsBoard
2026-02-26 23:12:34 - thingsboard-forecast - INFO - Hierarchy resolved for 78fda490-e08b-11f0-b68f-8f33a9d74e0c: target_level=4, L2=7, L3=11, L4=8, processing_deepest_level=L4
2026-02-26 23:12:35 - thingsboard-forecast - INFO - Processing level-4 asset 1/8: GP_WCS1098 (973a7ea0-f06d-11f0-af3b-45cf7f181cac)
2026-02-26 23:12:35 - thingsboard-forecast - INFO - Processing asset 973a7ea0-f06d-11f0-af3b-45cf7f181cac
2026-02-26 23:12:35 - thingsboard-forecast - INFO - Retrieved 24 attributes for 973a7ea0-f06d-11f0-af3b-45cf7f181cac
2026-02-26 23:12:35 - thingsboard-forecast - INFO - Running power prediction for 973a7ea0-f06d-11f0-af3b-45cf7f181cac
2026-02-26 23:12:39 - thingsboard-forecast - INFO - Prediction completed for 973a7ea0-f06d-11f0-af3b-45cf7f181cac: 16658.92 kWh total
2026-02-26 23:12:39 - thingsboard-forecast - INFO - Writing telemetry for 973a7ea0-f06d-11f0-af3b-45cf7f181cac
2026-02-26 23:12:39 - thingsboard-forecast - INFO - Writing 70 telemetry records to 973a7ea0-f06d-11f0-af3b-45cf7f181cac
2026-02-26 23:13:08 - thingsboard-forecast - INFO - Successfully wrote 70 records to 973a7ea0-f06d-11f0-af3b-45cf7f181cac
2026-02-26 23:13:08 - thingsboard-forecast - INFO - Successfully wrote 70 telemetry records for 973a7ea0-f06d-11f0-af3b-45cf7f181cac
2026-02-26 23:13:08 - thingsboard-forecast - INFO - Processing level-4 asset 2/8: GP_WCS1138 (10425f40-08a4-11f1-8bdd-cfe25c37864b)
2026-02-26 23:13:08 - thingsboard-forecast - INFO - Processing asset 10425f40-08a4-11f1-8bdd-cfe25c37864b
2026-02-26 23:13:08 - thingsboard-forecast - INFO - Retrieved 24 attributes for 10425f40-08a4-11f1-8bdd-cfe25c37864b
2026-02-26 23:13:09 - thingsboard-forecast - INFO - Running power prediction for 10425f40-08a4-11f1-8bdd-cfe25c37864b
2026-02-26 23:13:09 - thingsboard-forecast - INFO - Prediction completed for 10425f40-08a4-11f1-8bdd-cfe25c37864b: 17265.20 kWh total
2026-02-26 23:13:09 - thingsboard-forecast - INFO - Writing telemetry for 10425f40-08a4-11f1-8bdd-cfe25c37864b
2026-02-26 23:13:09 - thingsboard-forecast - INFO - Writing 70 telemetry records to 10425f40-08a4-11f1-8bdd-cfe25c37864b
2026-02-26 23:13:37 - thingsboard-forecast - INFO - Successfully wrote 70 records to 10425f40-08a4-11f1-8bdd-cfe25c37864b
2026-02-26 23:13:37 - thingsboard-forecast - INFO - Successfully wrote 70 telemetry records for 10425f40-08a4-11f1-8bdd-cfe25c37864b
2026-02-26 23:13:37 - thingsboard-forecast - INFO - Processing level-4 asset 3/8: GP_CKS1138 (87657cb0-08a4-11f1-8bdd-cfe25c37864b)
2026-02-26 23:13:37 - thingsboard-forecast - INFO - Processing asset 87657cb0-08a4-11f1-8bdd-cfe25c37864b
2026-02-26 23:13:37 - thingsboard-forecast - INFO - Retrieved 24 attributes for 87657cb0-08a4-11f1-8bdd-cfe25c37864b
2026-02-26 23:13:38 - thingsboard-forecast - INFO - Running power prediction for 87657cb0-08a4-11f1-8bdd-cfe25c37864b
2026-02-26 23:13:38 - thingsboard-forecast - INFO - Prediction completed for 87657cb0-08a4-11f1-8bdd-cfe25c37864b: 88192.29 kWh total
2026-02-26 23:13:38 - thingsboard-forecast - INFO - Writing telemetry for 87657cb0-08a4-11f1-8bdd-cfe25c37864b
2026-02-26 23:13:38 - thingsboard-forecast - INFO - Writing 70 telemetry records to 87657cb0-08a4-11f1-8bdd-cfe25c37864b
2026-02-26 23:14:07 - thingsboard-forecast - INFO - Successfully wrote 70 records to 87657cb0-08a4-11f1-8bdd-cfe25c37864b
2026-02-26 23:14:07 - thingsboard-forecast - INFO - Successfully wrote 70 telemetry records for 87657cb0-08a4-11f1-8bdd-cfe25c37864b
2026-02-26 23:14:07 - thingsboard-forecast - INFO - Processing level-4 asset 4/8: GP_TEST (fd2a80b0-116b-11f1-8d01-cff7a27c53e8)
2026-02-26 23:14:07 - thingsboard-forecast - INFO - Processing asset fd2a80b0-116b-11f1-8d01-cff7a27c53e8
2026-02-26 23:14:07 - thingsboard-forecast - INFO - Retrieved 2 attributes for fd2a80b0-116b-11f1-8d01-cff7a27c53e8
2026-02-26 23:14:07 - thingsboard-forecast - WARNING - Asset fd2a80b0-116b-11f1-8d01-cff7a27c53e8 has attribute errors: ['latitude: missing', 'longitude: missing', 'orientation: missing', 'pv_module_area: missing', 'inverter_power: missing']
2026-02-26 23:14:07 - thingsboard-forecast - WARNING - Job 3d61dff0-0e80-4746-b30c-8301def35700 - Asset fd2a80b0-116b-11f1-8d01-cff7a27c53e8 error: missing_required_attributes
2026-02-26 23:14:08 - thingsboard-forecast - INFO - Processing level-4 asset 5/8: GP_NAS1074 (35fa65d0-08a3-11f1-8bdd-cfe25c37864b)
2026-02-26 23:14:08 - thingsboard-forecast - INFO - Processing asset 35fa65d0-08a3-11f1-8bdd-cfe25c37864b
2026-02-26 23:14:08 - thingsboard-forecast - INFO - Retrieved 24 attributes for 35fa65d0-08a3-11f1-8bdd-cfe25c37864b
2026-02-26 23:14:08 - thingsboard-forecast - INFO - Running power prediction for 35fa65d0-08a3-11f1-8bdd-cfe25c37864b
2026-02-26 23:14:09 - thingsboard-forecast - INFO - Prediction completed for 35fa65d0-08a3-11f1-8bdd-cfe25c37864b: 43309.85 kWh total
2026-02-26 23:14:09 - thingsboard-forecast - INFO - Writing telemetry for 35fa65d0-08a3-11f1-8bdd-cfe25c37864b
2026-02-26 23:14:09 - thingsboard-forecast - INFO - Writing 70 telemetry records to 35fa65d0-08a3-11f1-8bdd-cfe25c37864b
2026-02-26 23:14:37 - thingsboard-forecast - INFO - Successfully wrote 70 records to 35fa65d0-08a3-11f1-8bdd-cfe25c37864b
2026-02-26 23:14:37 - thingsboard-forecast - INFO - Successfully wrote 70 telemetry records for 35fa65d0-08a3-11f1-8bdd-cfe25c37864b
2026-02-26 23:14:37 - thingsboard-forecast - INFO - Processing level-4 asset 6/8: GP_SRS1116 (c85151a0-08a3-11f1-8bdd-cfe25c37864b)
2026-02-26 23:14:37 - thingsboard-forecast - INFO - Processing asset c85151a0-08a3-11f1-8bdd-cfe25c37864b
2026-02-26 23:14:37 - thingsboard-forecast - INFO - Retrieved 24 attributes for c85151a0-08a3-11f1-8bdd-cfe25c37864b
2026-02-26 23:14:38 - thingsboard-forecast - INFO - Running power prediction for c85151a0-08a3-11f1-8bdd-cfe25c37864b
2026-02-26 23:14:38 - thingsboard-forecast - INFO - Prediction completed for c85151a0-08a3-11f1-8bdd-cfe25c37864b: 63910.13 kWh total
2026-02-26 23:14:38 - thingsboard-forecast - INFO - Writing telemetry for c85151a0-08a3-11f1-8bdd-cfe25c37864b
2026-02-26 23:14:38 - thingsboard-forecast - INFO - Writing 70 telemetry records to c85151a0-08a3-11f1-8bdd-cfe25c37864b
2026-02-26 23:15:06 - thingsboard-forecast - INFO - Successfully wrote 70 records to c85151a0-08a3-11f1-8bdd-cfe25c37864b
2026-02-26 23:15:06 - thingsboard-forecast - INFO - Successfully wrote 70 telemetry records for c85151a0-08a3-11f1-8bdd-cfe25c37864b
2026-02-26 23:15:06 - thingsboard-forecast - INFO - Processing level-4 asset 7/8: GP_SMS1129 (8ea89070-089f-11f1-8bdd-cfe25c37864b)
2026-02-26 23:15:06 - thingsboard-forecast - INFO - Processing asset 8ea89070-089f-11f1-8bdd-cfe25c37864b
2026-02-26 23:15:07 - thingsboard-forecast - INFO - Retrieved 24 attributes for 8ea89070-089f-11f1-8bdd-cfe25c37864b
2026-02-26 23:15:07 - thingsboard-forecast - INFO - Running power prediction for 8ea89070-089f-11f1-8bdd-cfe25c37864b
2026-02-26 23:15:07 - thingsboard-forecast - INFO - Prediction completed for 8ea89070-089f-11f1-8bdd-cfe25c37864b: 32547.22 kWh total
2026-02-26 23:15:07 - thingsboard-forecast - INFO - Writing telemetry for 8ea89070-089f-11f1-8bdd-cfe25c37864b
2026-02-26 23:15:07 - thingsboard-forecast - INFO - Writing 70 telemetry records to 8ea89070-089f-11f1-8bdd-cfe25c37864b
2026-02-26 23:15:36 - thingsboard-forecast - INFO - Successfully wrote 70 records to 8ea89070-089f-11f1-8bdd-cfe25c37864b
2026-02-26 23:15:36 - thingsboard-forecast - INFO - Successfully wrote 70 telemetry records for 8ea89070-089f-11f1-8bdd-cfe25c37864b
2026-02-26 23:15:36 - thingsboard-forecast - INFO - Processing level-4 asset 8/8: GP_NKS1058 (0c982af0-07ff-11f1-8bdd-cfe25c37864b)
2026-02-26 23:15:36 - thingsboard-forecast - INFO - Processing asset 0c982af0-07ff-11f1-8bdd-cfe25c37864b
2026-02-26 23:15:36 - thingsboard-forecast - INFO - Retrieved 24 attributes for 0c982af0-07ff-11f1-8bdd-cfe25c37864b
2026-02-26 23:15:37 - thingsboard-forecast - INFO - Running power prediction for 0c982af0-07ff-11f1-8bdd-cfe25c37864b
2026-02-26 23:15:37 - thingsboard-forecast - INFO - Prediction completed for 0c982af0-07ff-11f1-8bdd-cfe25c37864b: 39177.08 kWh total
2026-02-26 23:15:37 - thingsboard-forecast - INFO - Writing telemetry for 0c982af0-07ff-11f1-8bdd-cfe25c37864b
2026-02-26 23:15:37 - thingsboard-forecast - INFO - Writing 70 telemetry records to 0c982af0-07ff-11f1-8bdd-cfe25c37864b
2026-02-26 23:16:05 - thingsboard-forecast - INFO - Successfully wrote 70 records to 0c982af0-07ff-11f1-8bdd-cfe25c37864b
2026-02-26 23:16:05 - thingsboard-forecast - INFO - Successfully wrote 70 telemetry records for 0c982af0-07ff-11f1-8bdd-cfe25c37864b
2026-02-26 23:16:05 - thingsboard-forecast - INFO - Writing 70 telemetry records to f1b84100-e564-11f0-b68f-8f33a9d74e0c
2026-02-26 23:16:35 - thingsboard-forecast - INFO - Successfully wrote 70 records to f1b84100-e564-11f0-b68f-8f33a9d74e0c
2026-02-26 23:16:35 - thingsboard-forecast - INFO - Rolled up 2 level-4 assets into level-3 asset GP_Colombo_District (f1b84100-e564-11f0-b68f-8f33a9d74e0c)
2026-02-26 23:16:35 - thingsboard-forecast - WARNING - No successful level-4 telemetry to roll up for level-3 asset GP_Gampaha_District (6bbf4050-e08a-11f0-b68f-8f33a9d74e0c)
2026-02-26 23:16:35 - thingsboard-forecast - WARNING - No successful level-4 telemetry to roll up for level-3 asset GP_Kaluthara_District (c5437c70-e564-11f0-b68f-8f33a9d74e0c)
2026-02-26 23:16:35 - thingsboard-forecast - INFO - Writing 70 telemetry records to baa26d70-e565-11f0-b68f-8f33a9d74e0c
2026-02-26 23:17:04 - thingsboard-forecast - INFO - Successfully wrote 70 records to baa26d70-e565-11f0-b68f-8f33a9d74e0c
2026-02-26 23:17:04 - thingsboard-forecast - INFO - Rolled up 1 level-4 assets into level-3 asset GP_Kandy_District (baa26d70-e565-11f0-b68f-8f33a9d74e0c)
2026-02-26 23:17:05 - thingsboard-forecast - WARNING - No successful level-4 telemetry to roll up for level-3 asset GP_NuwaraEliya_District (e548daa0-e565-11f0-b68f-8f33a9d74e0c)
2026-02-26 23:17:05 - thingsboard-forecast - WARNING - No successful level-4 telemetry to roll up for level-3 asset GP_Matale_District (d42a87a0-e565-11f0-b68f-8f33a9d74e0c)
2026-02-26 23:17:05 - thingsboard-forecast - INFO - Writing 70 telemetry records to 585b86f0-08a7-11f1-8bdd-cfe25c37864b
2026-02-26 23:17:34 - thingsboard-forecast - INFO - Successfully wrote 70 records to 585b86f0-08a7-11f1-8bdd-cfe25c37864b
2026-02-26 23:17:34 - thingsboard-forecast - INFO - Rolled up 1 level-4 assets into level-3 asset GP_Anuradhapura_District (585b86f0-08a7-11f1-8bdd-cfe25c37864b)
2026-02-26 23:17:35 - thingsboard-forecast - INFO - Writing 70 telemetry records to 064d18f0-e56c-11f0-b68f-8f33a9d74e0c
2026-02-26 23:18:03 - thingsboard-forecast - INFO - Successfully wrote 70 records to 064d18f0-e56c-11f0-b68f-8f33a9d74e0c
2026-02-26 23:18:03 - thingsboard-forecast - INFO - Rolled up 1 level-4 assets into level-3 asset GP_Rathnapura_District (064d18f0-e56c-11f0-b68f-8f33a9d74e0c)
2026-02-26 23:18:03 - thingsboard-forecast - WARNING - No successful level-4 telemetry to roll up for level-3 asset GP_Kegalle_District (33420a00-e56c-11f0-b68f-8f33a9d74e0c)
2026-02-26 23:18:04 - thingsboard-forecast - INFO - Writing 70 telemetry records to 011fb860-08a8-11f1-8bdd-cfe25c37864b
2026-02-26 23:18:32 - thingsboard-forecast - INFO - Successfully wrote 70 records to 011fb860-08a8-11f1-8bdd-cfe25c37864b
2026-02-26 23:18:32 - thingsboard-forecast - INFO - Rolled up 1 level-4 assets into level-3 asset GP_Matara_District (011fb860-08a8-11f1-8bdd-cfe25c37864b)
2026-02-26 23:18:33 - thingsboard-forecast - INFO - Writing 70 telemetry records to 891165b0-08a9-11f1-8bdd-cfe25c37864b
2026-02-26 23:19:00 - thingsboard-forecast - INFO - Successfully wrote 70 records to 891165b0-08a9-11f1-8bdd-cfe25c37864b
2026-02-26 23:19:00 - thingsboard-forecast - INFO - Rolled up 1 level-4 assets into level-3 asset GP_Kurunegala_District (891165b0-08a9-11f1-8bdd-cfe25c37864b)
2026-02-26 23:19:00 - thingsboard-forecast - INFO - Writing 70 telemetry records to 2e68a010-e08b-11f0-b68f-8f33a9d74e0c
2026-02-26 23:19:29 - thingsboard-forecast - INFO - Successfully wrote 70 records to 2e68a010-e08b-11f0-b68f-8f33a9d74e0c
2026-02-26 23:19:29 - thingsboard-forecast - INFO - Rolled up 3 level-3 assets into level-2 asset GP_Western_Province (2e68a010-e08b-11f0-b68f-8f33a9d74e0c)
2026-02-26 23:19:29 - thingsboard-forecast - INFO - Writing 70 telemetry records to 542eab00-e559-11f0-b68f-8f33a9d74e0c
2026-02-26 23:19:58 - thingsboard-forecast - INFO - Successfully wrote 70 records to 542eab00-e559-11f0-b68f-8f33a9d74e0c
2026-02-26 23:19:58 - thingsboard-forecast - INFO - Rolled up 3 level-3 assets into level-2 asset GP_Central_Province (542eab00-e559-11f0-b68f-8f33a9d74e0c)
2026-02-26 23:19:59 - thingsboard-forecast - INFO - Writing 70 telemetry records to 5bc1d660-e55b-11f0-b68f-8f33a9d74e0c
2026-02-26 23:20:27 - thingsboard-forecast - INFO - Successfully wrote 70 records to 5bc1d660-e55b-11f0-b68f-8f33a9d74e0c
2026-02-26 23:20:27 - thingsboard-forecast - INFO - Rolled up 1 level-3 assets into level-2 asset GP_NorthCentral_Province (5bc1d660-e55b-11f0-b68f-8f33a9d74e0c)
2026-02-26 23:20:27 - thingsboard-forecast - INFO - Writing 70 telemetry records to 922edf70-e55d-11f0-b68f-8f33a9d74e0c
2026-02-26 23:20:55 - thingsboard-forecast - INFO - Successfully wrote 70 records to 922edf70-e55d-11f0-b68f-8f33a9d74e0c
2026-02-26 23:20:55 - thingsboard-forecast - INFO - Rolled up 2 level-3 assets into level-2 asset GP_Sabaragamuwa_Province (922edf70-e55d-11f0-b68f-8f33a9d74e0c)
2026-02-26 23:20:56 - thingsboard-forecast - INFO - Writing 70 telemetry records to f3b48730-e559-11f0-b68f-8f33a9d74e0c
2026-02-26 23:21:24 - thingsboard-forecast - INFO - Successfully wrote 70 records to f3b48730-e559-11f0-b68f-8f33a9d74e0c
2026-02-26 23:21:24 - thingsboard-forecast - INFO - Rolled up 1 level-3 assets into level-2 asset GP_Southern_Province (f3b48730-e559-11f0-b68f-8f33a9d74e0c)
2026-02-26 23:21:25 - thingsboard-forecast - WARNING - No successful level-3 telemetry to roll up for level-2 asset GP_Uva_Province (e3722a60-e55b-11f0-b68f-8f33a9d74e0c)
2026-02-26 23:21:25 - thingsboard-forecast - INFO - Writing 70 telemetry records to 3bbe5780-e55b-11f0-b68f-8f33a9d74e0c
2026-02-26 23:21:53 - thingsboard-forecast - INFO - Successfully wrote 70 records to 3bbe5780-e55b-11f0-b68f-8f33a9d74e0c
2026-02-26 23:21:53 - thingsboard-forecast - INFO - Rolled up 1 level-3 assets into level-2 asset GP_NorthWestern_Province (3bbe5780-e55b-11f0-b68f-8f33a9d74e0c)
2026-02-26 23:21:53 - thingsboard-forecast - INFO - Writing 70 telemetry records to 78fda490-e08b-11f0-b68f-8f33a9d74e0c
2026-02-26 23:22:21 - thingsboard-forecast - INFO - Successfully wrote 70 records to 78fda490-e08b-11f0-b68f-8f33a9d74e0c
2026-02-26 23:22:21 - thingsboard-forecast - INFO - Rolled up 6 level-2 assets into level-1 asset GP_All Island (78fda490-e08b-11f0-b68f-8f33a9d74e0c)
2026-02-26 23:22:22 - thingsboard-forecast - WARNING - No level-0 sending devices found under main asset 78fda490-e08b-11f0-b68f-8f33a9d74e0c
2026-02-26 23:22:22 - thingsboard-forecast - INFO - Job 3d61dff0-0e80-4746-b30c-8301def35700 Roll-up summary: target_level=4, processed_level=4, asset_rollup_assets_written=12, asset_rollup_records_written=840, level1_records_written=70, level0_devices_written=0, level0_records_written=0
2026-02-26 23:22:22 - thingsboard-forecast - INFO - Forecast job 3d61dff0-0e80-4746-b30c-8301def35700 completed: 7 successful, 0 failed, 1 skipped
2026-02-26 23:22:22 - thingsboard-forecast - INFO - Job 3d61dff0-0e80-4746-b30c-8301def35700 status updated to completed
