2026-02-25 12:26:45 - thingsboard-forecast - INFO - ============================================================
2026-02-25 12:26:45 - thingsboard-forecast - INFO - Starting thingsboard-power-forecast-api v1.0.0
2026-02-25 12:26:45 - thingsboard-forecast - INFO - ============================================================
2026-02-25 12:26:45 - thingsboard-forecast - INFO - Configuration validated successfully
2026-02-25 12:26:45 - thingsboard-forecast - INFO - ThingsBoard Host: https://cloud.thingsnode.cc
2026-02-25 12:26:45 - thingsboard-forecast - INFO - Default Target Level: 1
2026-02-25 12:26:45 - thingsboard-forecast - INFO - Timezone: Asia/Colombo
2026-02-25 12:26:45 - thingsboard-forecast - INFO - API is ready to accept requests
2026-02-25 12:26:45 - thingsboard-forecast - INFO - ============================================================
2026-02-25 12:29:04 - thingsboard-forecast - INFO - ============================================================
2026-02-25 12:29:04 - thingsboard-forecast - INFO - Shutting down API service
2026-02-25 12:29:04 - thingsboard-forecast - INFO - ============================================================
2026-02-25 12:32:25 - thingsboard-forecast - INFO - ============================================================
2026-02-25 12:32:25 - thingsboard-forecast - INFO - Starting thingsboard-power-forecast-api v1.0.0
2026-02-25 12:32:25 - thingsboard-forecast - INFO - ============================================================
2026-02-25 12:32:25 - thingsboard-forecast - INFO - Configuration validated successfully
2026-02-25 12:32:25 - thingsboard-forecast - INFO - ThingsBoard Host: https://cloud.thingsnode.cc
2026-02-25 12:32:25 - thingsboard-forecast - INFO - Default Target Level: 1
2026-02-25 12:32:25 - thingsboard-forecast - INFO - Timezone: Asia/Colombo
2026-02-25 12:32:25 - thingsboard-forecast - INFO - API is ready to accept requests
2026-02-25 12:32:25 - thingsboard-forecast - INFO - ============================================================
2026-02-25 12:34:49 - thingsboard-forecast - INFO - ============================================================
2026-02-25 12:34:49 - thingsboard-forecast - INFO - Shutting down API service
2026-02-25 12:34:49 - thingsboard-forecast - INFO - ============================================================
2026-02-25 12:35:54 - thingsboard-forecast - INFO - ============================================================
2026-02-25 12:35:54 - thingsboard-forecast - INFO - ============================================================
2026-02-25 12:35:54 - thingsboard-forecast - INFO - Starting thingsboard-power-forecast-api v1.0.0
2026-02-25 12:35:54 - thingsboard-forecast - INFO - Starting thingsboard-power-forecast-api v1.0.0
2026-02-25 12:35:54 - thingsboard-forecast - INFO - ============================================================
2026-02-25 12:35:54 - thingsboard-forecast - INFO - ============================================================
2026-02-25 12:35:54 - thingsboard-forecast - INFO - Configuration validated successfully
2026-02-25 12:35:54 - thingsboard-forecast - INFO - Configuration validated successfully
2026-02-25 12:35:54 - thingsboard-forecast - INFO - ThingsBoard Host: https://cloud.thingsnode.cc
2026-02-25 12:35:54 - thingsboard-forecast - INFO - ThingsBoard Host: https://cloud.thingsnode.cc
2026-02-25 12:35:54 - thingsboard-forecast - INFO - Default Target Level: 1
2026-02-25 12:35:54 - thingsboard-forecast - INFO - Default Target Level: 1
2026-02-25 12:35:54 - thingsboard-forecast - INFO - Timezone: Asia/Colombo
2026-02-25 12:35:54 - thingsboard-forecast - INFO - Timezone: Asia/Colombo
2026-02-25 12:35:54 - thingsboard-forecast - INFO - API is ready to accept requests
2026-02-25 12:35:54 - thingsboard-forecast - INFO - API is ready to accept requests
2026-02-25 12:35:54 - thingsboard-forecast - INFO - ============================================================
2026-02-25 12:35:54 - thingsboard-forecast - INFO - ============================================================
2026-02-25 12:35:55 - thingsboard-forecast - INFO - ============================================================
2026-02-25 12:35:55 - thingsboard-forecast - INFO - ============================================================
2026-02-25 12:35:55 - thingsboard-forecast - INFO - Shutting down API service
2026-02-25 12:35:55 - thingsboard-forecast - INFO - Shutting down API service
2026-02-25 12:35:55 - thingsboard-forecast - INFO - ============================================================
2026-02-25 12:35:55 - thingsboard-forecast - INFO - ============================================================
2026-02-25 12:35:58 - thingsboard-forecast - INFO - ============================================================
2026-02-25 12:35:58 - thingsboard-forecast - INFO - ============================================================
2026-02-25 12:35:58 - thingsboard-forecast - INFO - Starting thingsboard-power-forecast-api v1.0.0
2026-02-25 12:35:58 - thingsboard-forecast - INFO - Starting thingsboard-power-forecast-api v1.0.0
2026-02-25 12:35:58 - thingsboard-forecast - INFO - ============================================================
2026-02-25 12:35:58 - thingsboard-forecast - INFO - ============================================================
2026-02-25 12:35:58 - thingsboard-forecast - INFO - Configuration validated successfully
2026-02-25 12:35:58 - thingsboard-forecast - INFO - ThingsBoard Host: https://cloud.thingsnode.cc
2026-02-25 12:35:58 - thingsboard-forecast - INFO - Configuration validated successfully
2026-02-25 12:35:58 - thingsboard-forecast - INFO - ThingsBoard Host: https://cloud.thingsnode.cc
2026-02-25 12:35:58 - thingsboard-forecast - INFO - Default Target Level: 1
2026-02-25 12:35:58 - thingsboard-forecast - INFO - Timezone: Asia/Colombo
2026-02-25 12:35:58 - thingsboard-forecast - INFO - Default Target Level: 1
2026-02-25 12:35:58 - thingsboard-forecast - INFO - API is ready to accept requests
2026-02-25 12:35:58 - thingsboard-forecast - INFO - Timezone: Asia/Colombo
2026-02-25 12:35:58 - thingsboard-forecast - INFO - ============================================================
2026-02-25 12:35:58 - thingsboard-forecast - INFO - API is ready to accept requests
2026-02-25 12:35:58 - thingsboard-forecast - INFO - ============================================================
2026-02-25 12:36:26 - thingsboard-forecast - INFO - ============================================================
2026-02-25 12:36:26 - thingsboard-forecast - INFO - Shutting down API service
2026-02-25 12:36:26 - thingsboard-forecast - INFO - ============================================================
2026-02-25 12:36:52 - thingsboard-forecast - INFO - ============================================================
2026-02-25 12:36:52 - thingsboard-forecast - INFO - Shutting down API service
2026-02-25 12:36:52 - thingsboard-forecast - INFO - ============================================================
2026-02-25 12:36:55 - thingsboard-forecast - INFO - ============================================================
2026-02-25 12:36:55 - thingsboard-forecast - INFO - Starting thingsboard-power-forecast-api v1.0.0
2026-02-25 12:36:55 - thingsboard-forecast - INFO - ============================================================
2026-02-25 12:36:55 - thingsboard-forecast - INFO - Configuration validated successfully
2026-02-25 12:36:55 - thingsboard-forecast - INFO - ThingsBoard Host: https://cloud.thingsnode.cc
2026-02-25 12:36:55 - thingsboard-forecast - INFO - Default Target Level: 1
2026-02-25 12:36:55 - thingsboard-forecast - INFO - Timezone: Asia/Colombo
2026-02-25 12:36:55 - thingsboard-forecast - INFO - API is ready to accept requests
2026-02-25 12:36:55 - thingsboard-forecast - INFO - ============================================================
2026-02-25 12:37:23 - thingsboard-forecast - INFO - ============================================================
2026-02-25 12:37:23 - thingsboard-forecast - INFO - Starting thingsboard-power-forecast-api v1.0.0
2026-02-25 12:37:23 - thingsboard-forecast - INFO - ============================================================
2026-02-25 12:37:23 - thingsboard-forecast - INFO - Configuration validated successfully
2026-02-25 12:37:23 - thingsboard-forecast - INFO - ThingsBoard Host: https://cloud.thingsnode.cc
2026-02-25 12:37:23 - thingsboard-forecast - INFO - Default Target Level: 1
2026-02-25 12:37:23 - thingsboard-forecast - INFO - Timezone: Asia/Colombo
2026-02-25 12:37:23 - thingsboard-forecast - INFO - API is ready to accept requests
2026-02-25 12:37:23 - thingsboard-forecast - INFO - ============================================================
2026-02-25 12:37:50 - thingsboard-forecast - INFO - ============================================================
2026-02-25 12:37:50 - thingsboard-forecast - INFO - Shutting down API service
2026-02-25 12:37:50 - thingsboard-forecast - INFO - ============================================================
2026-02-25 12:38:16 - thingsboard-forecast - INFO - ============================================================
2026-02-25 12:38:16 - thingsboard-forecast - INFO - Starting thingsboard-power-forecast-api v1.0.0
2026-02-25 12:38:16 - thingsboard-forecast - INFO - ============================================================
2026-02-25 12:38:16 - thingsboard-forecast - INFO - Configuration validated successfully
2026-02-25 12:38:16 - thingsboard-forecast - INFO - ThingsBoard Host: https://cloud.thingsnode.cc
2026-02-25 12:38:16 - thingsboard-forecast - INFO - Default Target Level: 1
2026-02-25 12:38:16 - thingsboard-forecast - INFO - Timezone: Asia/Colombo
2026-02-25 12:38:16 - thingsboard-forecast - INFO - API is ready to accept requests
2026-02-25 12:38:16 - thingsboard-forecast - INFO - ============================================================
2026-02-25 12:39:11 - thingsboard-forecast - INFO - Received forecast request for asset: 78fda490-e08b-11f0-b68f-8f33a9d74e0c | already_have=True | start=2025-01-01 end=2025-01-31
2026-02-25 12:39:12 - thingsboard-forecast - INFO - Authenticating with ThingsBoard...
2026-02-25 12:39:13 - thingsboard-forecast - INFO - Successfully authenticated with ThingsBoard
2026-02-25 12:39:13 - thingsboard-forecast - ERROR - Error checking asset existence for 78fda490-e08b-11f0-b68f-8f33a9d74e0c: Client error '403 ' for url 'https://cloud.thingsnode.cc/api/asset/78fda490-e08b-11f0-b68f-8f33a9d74e0c'
For more information check: https://developer.mozilla.org/en-US/docs/Web/HTTP/Status/403
2026-02-25 12:40:07 - thingsboard-forecast - INFO - Received forecast request for asset: 550e8400-e29b-41d4-a716-446655440000 | already_have=True | start=2025-01-01 end=2025-01-31
2026-02-25 12:40:07 - thingsboard-forecast - INFO - Authenticating with ThingsBoard...
2026-02-25 12:40:08 - thingsboard-forecast - INFO - Successfully authenticated with ThingsBoard
2026-02-25 12:40:08 - thingsboard-forecast - WARNING - Asset 550e8400-e29b-41d4-a716-446655440000 not found in ThingsBoard
2026-02-25 12:51:14 - thingsboard-forecast - INFO - Received forecast request for asset: 1efbe6e0-d033-11f0-adfd-15f38d7cdc8e | already_have=True | start=2025-01-01 end=2025-01-31
2026-02-25 12:51:14 - thingsboard-forecast - INFO - Authenticating with ThingsBoard...
2026-02-25 12:51:15 - thingsboard-forecast - INFO - Successfully authenticated with ThingsBoard
2026-02-25 12:51:15 - thingsboard-forecast - INFO - Created job 1b51fa1e-7c09-42a3-8764-29bf5465279f for asset 1efbe6e0-d033-11f0-adfd-15f38d7cdc8e
2026-02-25 12:51:15 - thingsboard-forecast - INFO - Forecast job 1b51fa1e-7c09-42a3-8764-29bf5465279f started in background
2026-02-25 12:51:15 - thingsboard-forecast - INFO - Starting forecast job 1b51fa1e-7c09-42a3-8764-29bf5465279f for main asset 1efbe6e0-d033-11f0-adfd-15f38d7cdc8e | already_have=True | start=2025-01-01T00:00:00 end=2025-01-31T00:00:00
2026-02-25 12:51:15 - thingsboard-forecast - INFO - Job 1b51fa1e-7c09-42a3-8764-29bf5465279f status updated to running
2026-02-25 12:51:15 - thingsboard-forecast - INFO - Retrieving assets from 1efbe6e0-d033-11f0-adfd-15f38d7cdc8e
2026-02-25 12:51:15 - thingsboard-forecast - INFO - Traversing asset hierarchy from 1efbe6e0-d033-11f0-adfd-15f38d7cdc8e to level 1
2026-02-25 12:51:15 - thingsboard-forecast - INFO - Authenticating with ThingsBoard...
2026-02-25 12:51:16 - thingsboard-forecast - INFO - Successfully authenticated with ThingsBoard
2026-02-25 12:51:16 - thingsboard-forecast - INFO - Level 1: Found 4 assets
2026-02-25 12:51:16 - thingsboard-forecast - INFO - Found 4 assets at level 1
2026-02-25 12:51:16 - thingsboard-forecast - INFO - Processing asset 1/4: d2706990-d032-11f0-adfd-15f38d7cdc8e
2026-02-25 12:51:16 - thingsboard-forecast - INFO - Processing asset d2706990-d032-11f0-adfd-15f38d7cdc8e
2026-02-25 12:51:17 - thingsboard-forecast - ERROR - Failed to read attributes for d2706990-d032-11f0-adfd-15f38d7cdc8e: Client error '404 ' for url 'https://cloud.thingsnode.cc/api/plugins/telemetry/DEVICE/d2706990-d032-11f0-adfd-15f38d7cdc8e/values/attributes/SERVER_SCOPE'
For more information check: https://developer.mozilla.org/en-US/docs/Web/HTTP/Status/404
2026-02-25 12:51:17 - thingsboard-forecast - ERROR - Failed to process asset d2706990-d032-11f0-adfd-15f38d7cdc8e: Client error '404 ' for url 'https://cloud.thingsnode.cc/api/plugins/telemetry/DEVICE/d2706990-d032-11f0-adfd-15f38d7cdc8e/values/attributes/SERVER_SCOPE'
For more information check: https://developer.mozilla.org/en-US/docs/Web/HTTP/Status/404
Traceback (most recent call last):
  File "e:\MagicBit\Greeen power\Power Predicition All devices\app\services\forecast_service.py", line 80, in process_single_asset
    attributes = await tb_client.read_device_attributes(asset_id)
                 ^^^^^^^^^^^^^^^^^^^^^^^^^^^^^^^^^^^^^^^^^^^^^^^^
  File "e:\MagicBit\Greeen power\Power Predicition All devices\app\services\thingsboard_client.py", line 183, in read_device_attributes
    response.raise_for_status()
    ~~~~~~~~~~~~~~~~~~~~~~~~~^^
  File "E:\MagicBit\Greeen power\Power Predicition All devices\.venv\Lib\site-packages\httpx\_models.py", line 829, in raise_for_status
    raise HTTPStatusError(message, request=request, response=self)
httpx.HTTPStatusError: Client error '404 ' for url 'https://cloud.thingsnode.cc/api/plugins/telemetry/DEVICE/d2706990-d032-11f0-adfd-15f38d7cdc8e/values/attributes/SERVER_SCOPE'
For more information check: https://developer.mozilla.org/en-US/docs/Web/HTTP/Status/404
2026-02-25 12:51:17 - thingsboard-forecast - WARNING - Job 1b51fa1e-7c09-42a3-8764-29bf5465279f - Asset d2706990-d032-11f0-adfd-15f38d7cdc8e error: unexpected_error: Client error '404 ' for url 'https://cloud.thingsnode.cc/api/plugins/telemetry/DEVICE/d2706990-d032-11f0-adfd-15f38d7cdc8e/values/attributes/SERVER_SCOPE'
For more information check: https://developer.mozilla.org/en-US/docs/Web/HTTP/Status/404
2026-02-25 12:51:17 - thingsboard-forecast - INFO - Processing asset 2/4: 6a6886b0-d033-11f0-adfd-15f38d7cdc8e
2026-02-25 12:51:17 - thingsboard-forecast - INFO - Processing asset 6a6886b0-d033-11f0-adfd-15f38d7cdc8e
2026-02-25 12:51:17 - thingsboard-forecast - ERROR - Failed to read attributes for 6a6886b0-d033-11f0-adfd-15f38d7cdc8e: Client error '404 ' for url 'https://cloud.thingsnode.cc/api/plugins/telemetry/DEVICE/6a6886b0-d033-11f0-adfd-15f38d7cdc8e/values/attributes/SERVER_SCOPE'
For more information check: https://developer.mozilla.org/en-US/docs/Web/HTTP/Status/404
2026-02-25 12:51:17 - thingsboard-forecast - ERROR - Failed to process asset 6a6886b0-d033-11f0-adfd-15f38d7cdc8e: Client error '404 ' for url 'https://cloud.thingsnode.cc/api/plugins/telemetry/DEVICE/6a6886b0-d033-11f0-adfd-15f38d7cdc8e/values/attributes/SERVER_SCOPE'
For more information check: https://developer.mozilla.org/en-US/docs/Web/HTTP/Status/404
Traceback (most recent call last):
  File "e:\MagicBit\Greeen power\Power Predicition All devices\app\services\forecast_service.py", line 80, in process_single_asset
    attributes = await tb_client.read_device_attributes(asset_id)
                 ^^^^^^^^^^^^^^^^^^^^^^^^^^^^^^^^^^^^^^^^^^^^^^^^
  File "e:\MagicBit\Greeen power\Power Predicition All devices\app\services\thingsboard_client.py", line 183, in read_device_attributes
    response.raise_for_status()
    ~~~~~~~~~~~~~~~~~~~~~~~~~^^
  File "E:\MagicBit\Greeen power\Power Predicition All devices\.venv\Lib\site-packages\httpx\_models.py", line 829, in raise_for_status
    raise HTTPStatusError(message, request=request, response=self)
httpx.HTTPStatusError: Client error '404 ' for url 'https://cloud.thingsnode.cc/api/plugins/telemetry/DEVICE/6a6886b0-d033-11f0-adfd-15f38d7cdc8e/values/attributes/SERVER_SCOPE'
For more information check: https://developer.mozilla.org/en-US/docs/Web/HTTP/Status/404
2026-02-25 12:51:17 - thingsboard-forecast - WARNING - Job 1b51fa1e-7c09-42a3-8764-29bf5465279f - Asset 6a6886b0-d033-11f0-adfd-15f38d7cdc8e error: unexpected_error: Client error '404 ' for url 'https://cloud.thingsnode.cc/api/plugins/telemetry/DEVICE/6a6886b0-d033-11f0-adfd-15f38d7cdc8e/values/attributes/SERVER_SCOPE'
For more information check: https://developer.mozilla.org/en-US/docs/Web/HTTP/Status/404
2026-02-25 12:51:17 - thingsboard-forecast - INFO - Processing asset 3/4: 4747b050-d035-11f0-adfd-15f38d7cdc8e
2026-02-25 12:51:17 - thingsboard-forecast - INFO - Processing asset 4747b050-d035-11f0-adfd-15f38d7cdc8e
2026-02-25 12:51:17 - thingsboard-forecast - ERROR - Failed to read attributes for 4747b050-d035-11f0-adfd-15f38d7cdc8e: Client error '404 ' for url 'https://cloud.thingsnode.cc/api/plugins/telemetry/DEVICE/4747b050-d035-11f0-adfd-15f38d7cdc8e/values/attributes/SERVER_SCOPE'
For more information check: https://developer.mozilla.org/en-US/docs/Web/HTTP/Status/404
2026-02-25 12:51:17 - thingsboard-forecast - ERROR - Failed to process asset 4747b050-d035-11f0-adfd-15f38d7cdc8e: Client error '404 ' for url 'https://cloud.thingsnode.cc/api/plugins/telemetry/DEVICE/4747b050-d035-11f0-adfd-15f38d7cdc8e/values/attributes/SERVER_SCOPE'
For more information check: https://developer.mozilla.org/en-US/docs/Web/HTTP/Status/404
Traceback (most recent call last):
  File "e:\MagicBit\Greeen power\Power Predicition All devices\app\services\forecast_service.py", line 80, in process_single_asset
    attributes = await tb_client.read_device_attributes(asset_id)
                 ^^^^^^^^^^^^^^^^^^^^^^^^^^^^^^^^^^^^^^^^^^^^^^^^
  File "e:\MagicBit\Greeen power\Power Predicition All devices\app\services\thingsboard_client.py", line 183, in read_device_attributes
    response.raise_for_status()
    ~~~~~~~~~~~~~~~~~~~~~~~~~^^
  File "E:\MagicBit\Greeen power\Power Predicition All devices\.venv\Lib\site-packages\httpx\_models.py", line 829, in raise_for_status
    raise HTTPStatusError(message, request=request, response=self)
httpx.HTTPStatusError: Client error '404 ' for url 'https://cloud.thingsnode.cc/api/plugins/telemetry/DEVICE/4747b050-d035-11f0-adfd-15f38d7cdc8e/values/attributes/SERVER_SCOPE'
For more information check: https://developer.mozilla.org/en-US/docs/Web/HTTP/Status/404
2026-02-25 12:51:17 - thingsboard-forecast - WARNING - Job 1b51fa1e-7c09-42a3-8764-29bf5465279f - Asset 4747b050-d035-11f0-adfd-15f38d7cdc8e error: unexpected_error: Client error '404 ' for url 'https://cloud.thingsnode.cc/api/plugins/telemetry/DEVICE/4747b050-d035-11f0-adfd-15f38d7cdc8e/values/attributes/SERVER_SCOPE'
For more information check: https://developer.mozilla.org/en-US/docs/Web/HTTP/Status/404
2026-02-25 12:51:17 - thingsboard-forecast - INFO - Processing asset 4/4: 3d097740-d035-11f0-adfd-15f38d7cdc8e
2026-02-25 12:51:17 - thingsboard-forecast - INFO - Processing asset 3d097740-d035-11f0-adfd-15f38d7cdc8e
2026-02-25 12:51:17 - thingsboard-forecast - ERROR - Failed to read attributes for 3d097740-d035-11f0-adfd-15f38d7cdc8e: Client error '404 ' for url 'https://cloud.thingsnode.cc/api/plugins/telemetry/DEVICE/3d097740-d035-11f0-adfd-15f38d7cdc8e/values/attributes/SERVER_SCOPE'
For more information check: https://developer.mozilla.org/en-US/docs/Web/HTTP/Status/404
2026-02-25 12:51:17 - thingsboard-forecast - ERROR - Failed to process asset 3d097740-d035-11f0-adfd-15f38d7cdc8e: Client error '404 ' for url 'https://cloud.thingsnode.cc/api/plugins/telemetry/DEVICE/3d097740-d035-11f0-adfd-15f38d7cdc8e/values/attributes/SERVER_SCOPE'
For more information check: https://developer.mozilla.org/en-US/docs/Web/HTTP/Status/404
Traceback (most recent call last):
  File "e:\MagicBit\Greeen power\Power Predicition All devices\app\services\forecast_service.py", line 80, in process_single_asset
    attributes = await tb_client.read_device_attributes(asset_id)
                 ^^^^^^^^^^^^^^^^^^^^^^^^^^^^^^^^^^^^^^^^^^^^^^^^
  File "e:\MagicBit\Greeen power\Power Predicition All devices\app\services\thingsboard_client.py", line 183, in read_device_attributes
    response.raise_for_status()
    ~~~~~~~~~~~~~~~~~~~~~~~~~^^
  File "E:\MagicBit\Greeen power\Power Predicition All devices\.venv\Lib\site-packages\httpx\_models.py", line 829, in raise_for_status
    raise HTTPStatusError(message, request=request, response=self)
httpx.HTTPStatusError: Client error '404 ' for url 'https://cloud.thingsnode.cc/api/plugins/telemetry/DEVICE/3d097740-d035-11f0-adfd-15f38d7cdc8e/values/attributes/SERVER_SCOPE'
For more information check: https://developer.mozilla.org/en-US/docs/Web/HTTP/Status/404
2026-02-25 12:51:17 - thingsboard-forecast - WARNING - Job 1b51fa1e-7c09-42a3-8764-29bf5465279f - Asset 3d097740-d035-11f0-adfd-15f38d7cdc8e error: unexpected_error: Client error '404 ' for url 'https://cloud.thingsnode.cc/api/plugins/telemetry/DEVICE/3d097740-d035-11f0-adfd-15f38d7cdc8e/values/attributes/SERVER_SCOPE'
For more information check: https://developer.mozilla.org/en-US/docs/Web/HTTP/Status/404
2026-02-25 12:51:17 - thingsboard-forecast - INFO - Forecast job 1b51fa1e-7c09-42a3-8764-29bf5465279f completed: 0 successful, 4 failed, 0 skipped
2026-02-25 12:51:17 - thingsboard-forecast - INFO - Job 1b51fa1e-7c09-42a3-8764-29bf5465279f status updated to completed
2026-02-25 12:54:37 - thingsboard-forecast - INFO - Received forecast request for asset: b4ee7360-f4fb-11f0-bef0-af3b94c8901e | already_have=True | start=2025-01-01 end=2025-01-31
2026-02-25 12:54:38 - thingsboard-forecast - INFO - Authenticating with ThingsBoard...
2026-02-25 12:54:39 - thingsboard-forecast - INFO - Successfully authenticated with ThingsBoard
2026-02-25 12:54:39 - thingsboard-forecast - WARNING - Asset b4ee7360-f4fb-11f0-bef0-af3b94c8901e not found in ThingsBoard
2026-02-25 12:56:58 - thingsboard-forecast - INFO - Received forecast request for asset: 1efbe6e0-d033-11f0-adfd-15f38d7cdc8e | already_have=True | start=2025-01-01 end=2025-01-31
2026-02-25 12:56:58 - thingsboard-forecast - INFO - Authenticating with ThingsBoard...
2026-02-25 12:56:59 - thingsboard-forecast - INFO - Successfully authenticated with ThingsBoard
2026-02-25 12:56:59 - thingsboard-forecast - INFO - Created job a0e3cb37-d650-4f5d-a358-42a3413f45ea for asset 1efbe6e0-d033-11f0-adfd-15f38d7cdc8e
2026-02-25 12:56:59 - thingsboard-forecast - INFO - Forecast job a0e3cb37-d650-4f5d-a358-42a3413f45ea started in background
2026-02-25 12:56:59 - thingsboard-forecast - INFO - Starting forecast job a0e3cb37-d650-4f5d-a358-42a3413f45ea for main asset 1efbe6e0-d033-11f0-adfd-15f38d7cdc8e | already_have=True | start=2025-01-01T00:00:00 end=2025-01-31T00:00:00
2026-02-25 12:56:59 - thingsboard-forecast - INFO - Job a0e3cb37-d650-4f5d-a358-42a3413f45ea status updated to running
2026-02-25 12:56:59 - thingsboard-forecast - INFO - Retrieving assets from 1efbe6e0-d033-11f0-adfd-15f38d7cdc8e
2026-02-25 12:56:59 - thingsboard-forecast - INFO - Traversing asset hierarchy from 1efbe6e0-d033-11f0-adfd-15f38d7cdc8e to level 1
2026-02-25 12:56:59 - thingsboard-forecast - INFO - Authenticating with ThingsBoard...
2026-02-25 12:57:00 - thingsboard-forecast - INFO - Successfully authenticated with ThingsBoard
2026-02-25 12:57:00 - thingsboard-forecast - INFO - Level 1: Found 0 assets
2026-02-25 12:57:00 - thingsboard-forecast - WARNING - No assets found at level 1. Stopping traversal.
2026-02-25 12:57:00 - thingsboard-forecast - INFO - Found 0 assets at level 1
2026-02-25 12:57:00 - thingsboard-forecast - WARNING - No assets found for 1efbe6e0-d033-11f0-adfd-15f38d7cdc8e
2026-02-25 12:57:00 - thingsboard-forecast - INFO - Job a0e3cb37-d650-4f5d-a358-42a3413f45ea status updated to completed
2026-02-25 14:00:53 - thingsboard-forecast - INFO - ============================================================
2026-02-25 14:00:53 - thingsboard-forecast - INFO - Starting thingsboard-power-forecast-api v1.0.0
2026-02-25 14:00:53 - thingsboard-forecast - INFO - ============================================================
2026-02-25 14:00:53 - thingsboard-forecast - INFO - Configuration validated successfully
2026-02-25 14:00:53 - thingsboard-forecast - INFO - ThingsBoard Host: https://cloud.thingsnode.cc
2026-02-25 14:00:53 - thingsboard-forecast - INFO - Default Target Level: 1
2026-02-25 14:00:53 - thingsboard-forecast - INFO - Timezone: Asia/Colombo
2026-02-25 14:00:53 - thingsboard-forecast - INFO - API is ready to accept requests
2026-02-25 14:00:53 - thingsboard-forecast - INFO - ============================================================
2026-02-25 14:03:16 - thingsboard-forecast - INFO - Received forecast request for asset: 1efbe6e0-d033-11f0-adfd-15f38d7cdc8e | already_have=True | start=2026-03-01 end=2026-03-31
2026-02-25 14:03:17 - thingsboard-forecast - INFO - Authenticating with ThingsBoard...
2026-02-25 14:03:18 - thingsboard-forecast - INFO - Successfully authenticated with ThingsBoard
2026-02-25 14:03:18 - thingsboard-forecast - INFO - Created job d3ea18b3-bf77-49ba-9f52-f1be67c774f3 for asset 1efbe6e0-d033-11f0-adfd-15f38d7cdc8e
2026-02-25 14:03:18 - thingsboard-forecast - INFO - Forecast job d3ea18b3-bf77-49ba-9f52-f1be67c774f3 started in background
2026-02-25 14:03:18 - thingsboard-forecast - INFO - Starting forecast job d3ea18b3-bf77-49ba-9f52-f1be67c774f3 for main asset 1efbe6e0-d033-11f0-adfd-15f38d7cdc8e | already_have=True | start=2026-03-01T00:00:00 end=2026-03-31T00:00:00
2026-02-25 14:03:18 - thingsboard-forecast - INFO - Job d3ea18b3-bf77-49ba-9f52-f1be67c774f3 status updated to running
2026-02-25 14:03:18 - thingsboard-forecast - INFO - Retrieving assets from 1efbe6e0-d033-11f0-adfd-15f38d7cdc8e
2026-02-25 14:03:18 - thingsboard-forecast - INFO - Traversing asset hierarchy from 1efbe6e0-d033-11f0-adfd-15f38d7cdc8e to level 1
2026-02-25 14:03:18 - thingsboard-forecast - INFO - Authenticating with ThingsBoard...
2026-02-25 14:03:19 - thingsboard-forecast - INFO - Successfully authenticated with ThingsBoard
2026-02-25 14:03:19 - thingsboard-forecast - INFO - Level 1: Found 1 assets
2026-02-25 14:03:19 - thingsboard-forecast - INFO - Found 1 assets at level 1
2026-02-25 14:03:19 - thingsboard-forecast - INFO - Processing asset 1/1: 5551e5e0-df25-11f0-b68f-8f33a9d74e0c
2026-02-25 14:03:19 - thingsboard-forecast - INFO - Processing asset 5551e5e0-df25-11f0-b68f-8f33a9d74e0c
2026-02-25 14:03:19 - thingsboard-forecast - ERROR - Failed to read attributes for 5551e5e0-df25-11f0-b68f-8f33a9d74e0c: Client error '404 ' for url 'https://cloud.thingsnode.cc/api/plugins/telemetry/DEVICE/5551e5e0-df25-11f0-b68f-8f33a9d74e0c/values/attributes/SERVER_SCOPE'
For more information check: https://developer.mozilla.org/en-US/docs/Web/HTTP/Status/404
2026-02-25 14:03:19 - thingsboard-forecast - ERROR - Failed to process asset 5551e5e0-df25-11f0-b68f-8f33a9d74e0c: Client error '404 ' for url 'https://cloud.thingsnode.cc/api/plugins/telemetry/DEVICE/5551e5e0-df25-11f0-b68f-8f33a9d74e0c/values/attributes/SERVER_SCOPE'
For more information check: https://developer.mozilla.org/en-US/docs/Web/HTTP/Status/404
Traceback (most recent call last):
  File "e:\MagicBit\Greeen power\Power Predicition All devices\app\services\forecast_service.py", line 80, in process_single_asset
    attributes = await tb_client.read_device_attributes(asset_id)
                 ^^^^^^^^^^^^^^^^^^^^^^^^^^^^^^^^^^^^^^^^^^^^^^^^
  File "e:\MagicBit\Greeen power\Power Predicition All devices\app\services\thingsboard_client.py", line 183, in read_device_attributes
    response.raise_for_status()
    ~~~~~~~~~~~~~~~~~~~~~~~~~^^
  File "E:\MagicBit\Greeen power\Power Predicition All devices\.venv\Lib\site-packages\httpx\_models.py", line 829, in raise_for_status
    raise HTTPStatusError(message, request=request, response=self)
httpx.HTTPStatusError: Client error '404 ' for url 'https://cloud.thingsnode.cc/api/plugins/telemetry/DEVICE/5551e5e0-df25-11f0-b68f-8f33a9d74e0c/values/attributes/SERVER_SCOPE'
For more information check: https://developer.mozilla.org/en-US/docs/Web/HTTP/Status/404
2026-02-25 14:03:19 - thingsboard-forecast - WARNING - Job d3ea18b3-bf77-49ba-9f52-f1be67c774f3 - Asset 5551e5e0-df25-11f0-b68f-8f33a9d74e0c error: unexpected_error: Client error '404 ' for url 'https://cloud.thingsnode.cc/api/plugins/telemetry/DEVICE/5551e5e0-df25-11f0-b68f-8f33a9d74e0c/values/attributes/SERVER_SCOPE'
For more information check: https://developer.mozilla.org/en-US/docs/Web/HTTP/Status/404
2026-02-25 14:03:19 - thingsboard-forecast - INFO - Forecast job d3ea18b3-bf77-49ba-9f52-f1be67c774f3 completed: 0 successful, 1 failed, 0 skipped
2026-02-25 14:03:19 - thingsboard-forecast - INFO - Job d3ea18b3-bf77-49ba-9f52-f1be67c774f3 status updated to completed
2026-02-25 14:07:03 - thingsboard-forecast - INFO - ============================================================
2026-02-25 14:07:03 - thingsboard-forecast - INFO - Shutting down API service
2026-02-25 14:07:03 - thingsboard-forecast - INFO - ============================================================
2026-02-25 14:07:05 - thingsboard-forecast - INFO - ============================================================
2026-02-25 14:07:05 - thingsboard-forecast - INFO - Starting thingsboard-power-forecast-api v1.0.0
2026-02-25 14:07:05 - thingsboard-forecast - INFO - ============================================================
2026-02-25 14:07:05 - thingsboard-forecast - INFO - Configuration validated successfully
2026-02-25 14:07:05 - thingsboard-forecast - INFO - ThingsBoard Host: https://cloud.thingsnode.cc
2026-02-25 14:07:05 - thingsboard-forecast - INFO - Default Target Level: 1
2026-02-25 14:07:05 - thingsboard-forecast - INFO - Timezone: Asia/Colombo
2026-02-25 14:07:05 - thingsboard-forecast - INFO - API is ready to accept requests
2026-02-25 14:07:05 - thingsboard-forecast - INFO - ============================================================
2026-02-25 14:07:07 - thingsboard-forecast - INFO - ============================================================
2026-02-25 14:07:07 - thingsboard-forecast - INFO - Shutting down API service
2026-02-25 14:07:07 - thingsboard-forecast - INFO - ============================================================
2026-02-25 14:07:09 - thingsboard-forecast - INFO - ============================================================
2026-02-25 14:07:09 - thingsboard-forecast - INFO - Starting thingsboard-power-forecast-api v1.0.0
2026-02-25 14:07:09 - thingsboard-forecast - INFO - ============================================================
2026-02-25 14:07:09 - thingsboard-forecast - INFO - Configuration validated successfully
2026-02-25 14:07:09 - thingsboard-forecast - INFO - ThingsBoard Host: https://cloud.thingsnode.cc
2026-02-25 14:07:09 - thingsboard-forecast - INFO - Default Target Level: 1
2026-02-25 14:07:09 - thingsboard-forecast - INFO - Timezone: Asia/Colombo
2026-02-25 14:07:09 - thingsboard-forecast - INFO - API is ready to accept requests
2026-02-25 14:07:09 - thingsboard-forecast - INFO - ============================================================
2026-02-25 14:07:22 - thingsboard-forecast - INFO - ============================================================
2026-02-25 14:07:22 - thingsboard-forecast - INFO - Shutting down API service
2026-02-25 14:07:22 - thingsboard-forecast - INFO - ============================================================
2026-02-25 14:07:24 - thingsboard-forecast - INFO - ============================================================
2026-02-25 14:07:24 - thingsboard-forecast - INFO - Starting thingsboard-power-forecast-api v1.0.0
2026-02-25 14:07:24 - thingsboard-forecast - INFO - ============================================================
2026-02-25 14:07:24 - thingsboard-forecast - INFO - Configuration validated successfully
2026-02-25 14:07:24 - thingsboard-forecast - INFO - ThingsBoard Host: https://cloud.thingsnode.cc
2026-02-25 14:07:24 - thingsboard-forecast - INFO - Default Target Level: 1
2026-02-25 14:07:24 - thingsboard-forecast - INFO - Timezone: Asia/Colombo
2026-02-25 14:07:24 - thingsboard-forecast - INFO - API is ready to accept requests
2026-02-25 14:07:24 - thingsboard-forecast - INFO - ============================================================
2026-02-25 14:08:46 - thingsboard-forecast - INFO - ============================================================
2026-02-25 14:08:46 - thingsboard-forecast - INFO - Starting thingsboard-power-forecast-api v1.0.0
2026-02-25 14:08:46 - thingsboard-forecast - INFO - ============================================================
2026-02-25 14:08:46 - thingsboard-forecast - INFO - Configuration validated successfully
2026-02-25 14:08:46 - thingsboard-forecast - INFO - ThingsBoard Host: https://cloud.thingsnode.cc
2026-02-25 14:08:46 - thingsboard-forecast - INFO - Default Target Level: 1
2026-02-25 14:08:46 - thingsboard-forecast - INFO - Timezone: Asia/Colombo
2026-02-25 14:08:46 - thingsboard-forecast - INFO - API is ready to accept requests
2026-02-25 14:08:46 - thingsboard-forecast - INFO - ============================================================
2026-02-25 14:09:00 - thingsboard-forecast - INFO - Received forecast request for asset: 1efbe6e0-d033-11f0-adfd-15f38d7cdc8e | already_have=True | start=2026-03-01 end=2026-03-31
2026-02-25 14:09:00 - thingsboard-forecast - INFO - Authenticating with ThingsBoard...
2026-02-25 14:09:01 - thingsboard-forecast - INFO - Successfully authenticated with ThingsBoard
2026-02-25 14:09:01 - thingsboard-forecast - INFO - Created job f30cb29e-76f0-4e27-a2ad-4aecdf2db09b for asset 1efbe6e0-d033-11f0-adfd-15f38d7cdc8e
2026-02-25 14:09:01 - thingsboard-forecast - INFO - Forecast job f30cb29e-76f0-4e27-a2ad-4aecdf2db09b started in background
2026-02-25 14:09:01 - thingsboard-forecast - INFO - Starting forecast job f30cb29e-76f0-4e27-a2ad-4aecdf2db09b for main asset 1efbe6e0-d033-11f0-adfd-15f38d7cdc8e | already_have=True | start=2026-03-01T00:00:00 end=2026-03-31T00:00:00
2026-02-25 14:09:01 - thingsboard-forecast - INFO - Job f30cb29e-76f0-4e27-a2ad-4aecdf2db09b status updated to running
2026-02-25 14:09:01 - thingsboard-forecast - INFO - Retrieving assets from 1efbe6e0-d033-11f0-adfd-15f38d7cdc8e
2026-02-25 14:09:01 - thingsboard-forecast - INFO - Traversing asset hierarchy from 1efbe6e0-d033-11f0-adfd-15f38d7cdc8e to level 1
2026-02-25 14:09:01 - thingsboard-forecast - INFO - Authenticating with ThingsBoard...
2026-02-25 14:09:02 - thingsboard-forecast - INFO - Successfully authenticated with ThingsBoard
2026-02-25 14:09:02 - thingsboard-forecast - INFO - Level 1: Found 1 assets
2026-02-25 14:09:02 - thingsboard-forecast - INFO - Found 1 assets at level 1
2026-02-25 14:09:02 - thingsboard-forecast - INFO - Processing asset 1/1: 5551e5e0-df25-11f0-b68f-8f33a9d74e0c
2026-02-25 14:09:02 - thingsboard-forecast - INFO - Processing asset 5551e5e0-df25-11f0-b68f-8f33a9d74e0c
2026-02-25 14:09:03 - thingsboard-forecast - INFO - Retrieved 19 attributes for 5551e5e0-df25-11f0-b68f-8f33a9d74e0c
2026-02-25 14:09:03 - thingsboard-forecast - WARNING - No telemetry keys found for asset 5551e5e0-df25-11f0-b68f-8f33a9d74e0c
2026-02-25 14:09:03 - thingsboard-forecast - WARNING - Asset 5551e5e0-df25-11f0-b68f-8f33a9d74e0c lacks historical data in requested range
2026-02-25 14:09:03 - thingsboard-forecast - WARNING - Job f30cb29e-76f0-4e27-a2ad-4aecdf2db09b - Asset 5551e5e0-df25-11f0-b68f-8f33a9d74e0c error: historical_data_not_available
2026-02-25 14:09:03 - thingsboard-forecast - INFO - Forecast job f30cb29e-76f0-4e27-a2ad-4aecdf2db09b completed: 0 successful, 0 failed, 1 skipped
2026-02-25 14:09:03 - thingsboard-forecast - INFO - Job f30cb29e-76f0-4e27-a2ad-4aecdf2db09b status updated to completed
2026-02-25 14:11:06 - thingsboard-forecast - INFO - ============================================================
2026-02-25 14:11:06 - thingsboard-forecast - INFO - Shutting down API service
2026-02-25 14:11:06 - thingsboard-forecast - INFO - ============================================================
2026-02-25 14:11:09 - thingsboard-forecast - INFO - ============================================================
2026-02-25 14:11:09 - thingsboard-forecast - INFO - Starting thingsboard-power-forecast-api v1.0.0
2026-02-25 14:11:09 - thingsboard-forecast - INFO - ============================================================
2026-02-25 14:11:09 - thingsboard-forecast - INFO - Configuration validated successfully
2026-02-25 14:11:09 - thingsboard-forecast - INFO - ThingsBoard Host: https://cloud.thingsnode.cc
2026-02-25 14:11:09 - thingsboard-forecast - INFO - Default Target Level: 1
2026-02-25 14:11:09 - thingsboard-forecast - INFO - Timezone: Asia/Colombo
2026-02-25 14:11:09 - thingsboard-forecast - INFO - API is ready to accept requests
2026-02-25 14:11:09 - thingsboard-forecast - INFO - ============================================================
2026-02-25 14:11:10 - thingsboard-forecast - INFO - ============================================================
2026-02-25 14:11:10 - thingsboard-forecast - INFO - Shutting down API service
2026-02-25 14:11:10 - thingsboard-forecast - INFO - ============================================================
2026-02-25 14:11:12 - thingsboard-forecast - INFO - ============================================================
2026-02-25 14:11:12 - thingsboard-forecast - INFO - Starting thingsboard-power-forecast-api v1.0.0
2026-02-25 14:11:12 - thingsboard-forecast - INFO - ============================================================
2026-02-25 14:11:12 - thingsboard-forecast - INFO - Configuration validated successfully
2026-02-25 14:11:12 - thingsboard-forecast - INFO - ThingsBoard Host: https://cloud.thingsnode.cc
2026-02-25 14:11:12 - thingsboard-forecast - INFO - Default Target Level: 1
2026-02-25 14:11:12 - thingsboard-forecast - INFO - Timezone: Asia/Colombo
2026-02-25 14:11:12 - thingsboard-forecast - INFO - API is ready to accept requests
2026-02-25 14:11:12 - thingsboard-forecast - INFO - ============================================================
2026-02-25 14:11:25 - thingsboard-forecast - INFO - ============================================================
2026-02-25 14:11:25 - thingsboard-forecast - INFO - Shutting down API service
2026-02-25 14:11:25 - thingsboard-forecast - INFO - ============================================================
2026-02-25 14:11:27 - thingsboard-forecast - INFO - ============================================================
2026-02-25 14:11:27 - thingsboard-forecast - INFO - Starting thingsboard-power-forecast-api v1.0.0
2026-02-25 14:11:27 - thingsboard-forecast - INFO - ============================================================
2026-02-25 14:11:27 - thingsboard-forecast - INFO - Configuration validated successfully
2026-02-25 14:11:27 - thingsboard-forecast - INFO - ThingsBoard Host: https://cloud.thingsnode.cc
2026-02-25 14:11:27 - thingsboard-forecast - INFO - Default Target Level: 1
2026-02-25 14:11:27 - thingsboard-forecast - INFO - Timezone: Asia/Colombo
2026-02-25 14:11:27 - thingsboard-forecast - INFO - API is ready to accept requests
2026-02-25 14:11:27 - thingsboard-forecast - INFO - ============================================================
2026-02-25 14:11:33 - thingsboard-forecast - INFO - Received forecast request for asset: 1efbe6e0-d033-11f0-adfd-15f38d7cdc8e | already_have=True | start=2026-03-01 end=2026-03-31
2026-02-25 14:11:33 - thingsboard-forecast - INFO - Authenticating with ThingsBoard...
2026-02-25 14:11:35 - thingsboard-forecast - INFO - Successfully authenticated with ThingsBoard
2026-02-25 14:11:35 - thingsboard-forecast - INFO - Created job b9eb9740-ab31-4485-bc2b-1f8033967a19 for asset 1efbe6e0-d033-11f0-adfd-15f38d7cdc8e
2026-02-25 14:11:35 - thingsboard-forecast - INFO - Forecast job b9eb9740-ab31-4485-bc2b-1f8033967a19 started in background
2026-02-25 14:11:35 - thingsboard-forecast - INFO - Starting forecast job b9eb9740-ab31-4485-bc2b-1f8033967a19 for main asset 1efbe6e0-d033-11f0-adfd-15f38d7cdc8e | already_have=True | start=2026-03-01T00:00:00 end=2026-03-31T00:00:00
2026-02-25 14:11:35 - thingsboard-forecast - INFO - Job b9eb9740-ab31-4485-bc2b-1f8033967a19 status updated to running
2026-02-25 14:11:36 - thingsboard-forecast - INFO - Retrieving assets from 1efbe6e0-d033-11f0-adfd-15f38d7cdc8e
2026-02-25 14:11:36 - thingsboard-forecast - INFO - Traversing asset hierarchy from 1efbe6e0-d033-11f0-adfd-15f38d7cdc8e to level 1
2026-02-25 14:11:36 - thingsboard-forecast - INFO - Authenticating with ThingsBoard...
2026-02-25 14:11:36 - thingsboard-forecast - INFO - Successfully authenticated with ThingsBoard
2026-02-25 14:11:37 - thingsboard-forecast - INFO - Level 1: Found 1 assets
2026-02-25 14:11:37 - thingsboard-forecast - INFO - Found 1 assets at level 1
2026-02-25 14:11:37 - thingsboard-forecast - INFO - Processing asset 1/1: 5551e5e0-df25-11f0-b68f-8f33a9d74e0c
2026-02-25 14:11:37 - thingsboard-forecast - INFO - Processing asset 5551e5e0-df25-11f0-b68f-8f33a9d74e0c
2026-02-25 14:11:37 - thingsboard-forecast - INFO - Retrieved 19 attributes for 5551e5e0-df25-11f0-b68f-8f33a9d74e0c
2026-02-25 14:11:37 - thingsboard-forecast - WARNING - No telemetry data in range for asset 5551e5e0-df25-11f0-b68f-8f33a9d74e0c
2026-02-25 14:11:37 - thingsboard-forecast - WARNING - Asset 5551e5e0-df25-11f0-b68f-8f33a9d74e0c lacks historical data in requested range
2026-02-25 14:11:37 - thingsboard-forecast - WARNING - Job b9eb9740-ab31-4485-bc2b-1f8033967a19 - Asset 5551e5e0-df25-11f0-b68f-8f33a9d74e0c error: historical_data_not_available
2026-02-25 14:11:37 - thingsboard-forecast - INFO - Forecast job b9eb9740-ab31-4485-bc2b-1f8033967a19 completed: 0 successful, 0 failed, 1 skipped
2026-02-25 14:11:37 - thingsboard-forecast - INFO - Job b9eb9740-ab31-4485-bc2b-1f8033967a19 status updated to completed
2026-02-25 14:12:32 - thingsboard-forecast - INFO - ============================================================
2026-02-25 14:12:32 - thingsboard-forecast - INFO - Starting thingsboard-power-forecast-api v1.0.0
2026-02-25 14:12:32 - thingsboard-forecast - INFO - ============================================================
2026-02-25 14:12:32 - thingsboard-forecast - INFO - Configuration validated successfully
2026-02-25 14:12:32 - thingsboard-forecast - INFO - ThingsBoard Host: https://cloud.thingsnode.cc
2026-02-25 14:12:32 - thingsboard-forecast - INFO - Default Target Level: 1
2026-02-25 14:12:32 - thingsboard-forecast - INFO - Timezone: Asia/Colombo
2026-02-25 14:12:32 - thingsboard-forecast - INFO - API is ready to accept requests
2026-02-25 14:12:32 - thingsboard-forecast - INFO - ============================================================
2026-02-25 14:12:49 - thingsboard-forecast - INFO - Received forecast request for asset: 1efbe6e0-d033-11f0-adfd-15f38d7cdc8e | already_have=True | start=2026-03-01 end=2026-03-31
2026-02-25 14:12:50 - thingsboard-forecast - INFO - Authenticating with ThingsBoard...
2026-02-25 14:12:50 - thingsboard-forecast - INFO - Successfully authenticated with ThingsBoard
2026-02-25 14:12:51 - thingsboard-forecast - INFO - Created job e8a773e0-5a7a-4e1f-9a01-87d29b544de5 for asset 1efbe6e0-d033-11f0-adfd-15f38d7cdc8e
2026-02-25 14:12:51 - thingsboard-forecast - INFO - Forecast job e8a773e0-5a7a-4e1f-9a01-87d29b544de5 started in background
2026-02-25 14:12:51 - thingsboard-forecast - INFO - Starting forecast job e8a773e0-5a7a-4e1f-9a01-87d29b544de5 for main asset 1efbe6e0-d033-11f0-adfd-15f38d7cdc8e | already_have=True | start=2026-03-01T00:00:00 end=2026-03-31T00:00:00
2026-02-25 14:12:51 - thingsboard-forecast - INFO - Job e8a773e0-5a7a-4e1f-9a01-87d29b544de5 status updated to running
2026-02-25 14:12:51 - thingsboard-forecast - INFO - Retrieving assets from 1efbe6e0-d033-11f0-adfd-15f38d7cdc8e
2026-02-25 14:12:51 - thingsboard-forecast - INFO - Traversing asset hierarchy from 1efbe6e0-d033-11f0-adfd-15f38d7cdc8e to level 1
2026-02-25 14:12:51 - thingsboard-forecast - INFO - Authenticating with ThingsBoard...
2026-02-25 14:12:52 - thingsboard-forecast - INFO - Successfully authenticated with ThingsBoard
2026-02-25 14:12:52 - thingsboard-forecast - INFO - Level 1: Found 1 assets
2026-02-25 14:12:52 - thingsboard-forecast - INFO - Found 1 assets at level 1
2026-02-25 14:12:52 - thingsboard-forecast - INFO - Processing asset 1/1: 5551e5e0-df25-11f0-b68f-8f33a9d74e0c
2026-02-25 14:12:52 - thingsboard-forecast - INFO - Processing asset 5551e5e0-df25-11f0-b68f-8f33a9d74e0c
2026-02-25 14:12:52 - thingsboard-forecast - INFO - Retrieved 19 attributes for 5551e5e0-df25-11f0-b68f-8f33a9d74e0c
2026-02-25 14:12:53 - thingsboard-forecast - WARNING - No telemetry data in range for asset 5551e5e0-df25-11f0-b68f-8f33a9d74e0c
2026-02-25 14:12:53 - thingsboard-forecast - WARNING - Asset 5551e5e0-df25-11f0-b68f-8f33a9d74e0c lacks historical data in requested range
2026-02-25 14:12:53 - thingsboard-forecast - WARNING - Job e8a773e0-5a7a-4e1f-9a01-87d29b544de5 - Asset 5551e5e0-df25-11f0-b68f-8f33a9d74e0c error: historical_data_not_available
2026-02-25 14:12:53 - thingsboard-forecast - INFO - Forecast job e8a773e0-5a7a-4e1f-9a01-87d29b544de5 completed: 0 successful, 0 failed, 1 skipped
2026-02-25 14:12:53 - thingsboard-forecast - INFO - Job e8a773e0-5a7a-4e1f-9a01-87d29b544de5 status updated to completed
2026-02-25 14:13:03 - thingsboard-forecast - INFO - ============================================================
2026-02-25 14:13:03 - thingsboard-forecast - INFO - Shutting down API service
2026-02-25 14:13:03 - thingsboard-forecast - INFO - ============================================================
2026-02-25 14:27:01 - thingsboard-forecast - INFO - Received forecast request for asset: 1efbe6e0-d033-11f0-adfd-15f38d7cdc8e | already_have=True | start=2026-03-01 end=2026-03-31
2026-02-25 14:27:02 - thingsboard-forecast - INFO - Authenticating with ThingsBoard...
2026-02-25 14:27:03 - thingsboard-forecast - INFO - Successfully authenticated with ThingsBoard
2026-02-25 14:27:03 - thingsboard-forecast - INFO - Created job f9863cd8-4aa4-4021-9663-a1d36720ec86 for asset 1efbe6e0-d033-11f0-adfd-15f38d7cdc8e
2026-02-25 14:27:03 - thingsboard-forecast - INFO - Forecast job f9863cd8-4aa4-4021-9663-a1d36720ec86 started in background
2026-02-25 14:27:03 - thingsboard-forecast - INFO - Starting forecast job f9863cd8-4aa4-4021-9663-a1d36720ec86 for main asset 1efbe6e0-d033-11f0-adfd-15f38d7cdc8e | already_have=True | start=2026-03-01T00:00:00 end=2026-03-31T00:00:00
2026-02-25 14:27:03 - thingsboard-forecast - INFO - Job f9863cd8-4aa4-4021-9663-a1d36720ec86 status updated to running
2026-02-25 14:27:03 - thingsboard-forecast - INFO - Retrieving assets from 1efbe6e0-d033-11f0-adfd-15f38d7cdc8e
2026-02-25 14:27:03 - thingsboard-forecast - INFO - Traversing asset hierarchy from 1efbe6e0-d033-11f0-adfd-15f38d7cdc8e to level 1
2026-02-25 14:27:03 - thingsboard-forecast - INFO - Authenticating with ThingsBoard...
2026-02-25 14:27:04 - thingsboard-forecast - INFO - Successfully authenticated with ThingsBoard
2026-02-25 14:27:04 - thingsboard-forecast - INFO - Level 1: Found 1 assets
2026-02-25 14:27:04 - thingsboard-forecast - INFO - Found 1 assets at level 1
2026-02-25 14:27:04 - thingsboard-forecast - INFO - Processing asset 1/1: 5551e5e0-df25-11f0-b68f-8f33a9d74e0c
2026-02-25 14:27:04 - thingsboard-forecast - INFO - Processing asset 5551e5e0-df25-11f0-b68f-8f33a9d74e0c
2026-02-25 14:27:04 - thingsboard-forecast - INFO - Retrieved 19 attributes for 5551e5e0-df25-11f0-b68f-8f33a9d74e0c
2026-02-25 14:27:05 - thingsboard-forecast - WARNING - No telemetry data in range for asset 5551e5e0-df25-11f0-b68f-8f33a9d74e0c
2026-02-25 14:27:05 - thingsboard-forecast - WARNING - Asset 5551e5e0-df25-11f0-b68f-8f33a9d74e0c lacks historical data in requested range
2026-02-25 14:27:05 - thingsboard-forecast - WARNING - Job f9863cd8-4aa4-4021-9663-a1d36720ec86 - Asset 5551e5e0-df25-11f0-b68f-8f33a9d74e0c error: historical_data_not_available
2026-02-25 14:27:05 - thingsboard-forecast - INFO - Forecast job f9863cd8-4aa4-4021-9663-a1d36720ec86 completed: 0 successful, 0 failed, 1 skipped
2026-02-25 14:27:05 - thingsboard-forecast - INFO - Job f9863cd8-4aa4-4021-9663-a1d36720ec86 status updated to completed
2026-02-25 14:27:44 - thingsboard-forecast - INFO - Received forecast request for asset: 1efbe6e0-d033-11f0-adfd-15f38d7cdc8e | already_have=False | start=2026-03-01 end=2026-03-31
2026-02-25 14:27:44 - thingsboard-forecast - INFO - Authenticating with ThingsBoard...
2026-02-25 14:27:45 - thingsboard-forecast - INFO - Successfully authenticated with ThingsBoard
2026-02-25 14:27:45 - thingsboard-forecast - INFO - Created job 43c7a922-8fcc-4987-8953-b1f1a4ea5898 for asset 1efbe6e0-d033-11f0-adfd-15f38d7cdc8e
2026-02-25 14:27:45 - thingsboard-forecast - INFO - Forecast job 43c7a922-8fcc-4987-8953-b1f1a4ea5898 started in background
2026-02-25 14:27:45 - thingsboard-forecast - INFO - Starting forecast job 43c7a922-8fcc-4987-8953-b1f1a4ea5898 for main asset 1efbe6e0-d033-11f0-adfd-15f38d7cdc8e | already_have=False | start=2026-03-01T00:00:00 end=2026-03-31T00:00:00
2026-02-25 14:27:45 - thingsboard-forecast - INFO - Job 43c7a922-8fcc-4987-8953-b1f1a4ea5898 status updated to running
2026-02-25 14:27:45 - thingsboard-forecast - INFO - Retrieving assets from 1efbe6e0-d033-11f0-adfd-15f38d7cdc8e
2026-02-25 14:27:45 - thingsboard-forecast - INFO - Traversing asset hierarchy from 1efbe6e0-d033-11f0-adfd-15f38d7cdc8e to level 1
2026-02-25 14:27:45 - thingsboard-forecast - INFO - Authenticating with ThingsBoard...
2026-02-25 14:27:46 - thingsboard-forecast - INFO - Successfully authenticated with ThingsBoard
2026-02-25 14:27:47 - thingsboard-forecast - INFO - Level 1: Found 1 assets
2026-02-25 14:27:47 - thingsboard-forecast - INFO - Found 1 assets at level 1
2026-02-25 14:27:47 - thingsboard-forecast - INFO - Processing asset 1/1: 5551e5e0-df25-11f0-b68f-8f33a9d74e0c
2026-02-25 14:27:47 - thingsboard-forecast - INFO - Processing asset 5551e5e0-df25-11f0-b68f-8f33a9d74e0c
2026-02-25 14:27:47 - thingsboard-forecast - INFO - Retrieved 19 attributes for 5551e5e0-df25-11f0-b68f-8f33a9d74e0c
2026-02-25 14:27:47 - thingsboard-forecast - INFO - Running power prediction for 5551e5e0-df25-11f0-b68f-8f33a9d74e0c
2026-02-25 14:27:52 - thingsboard-forecast - ERROR - Power prediction failed for 5551e5e0-df25-11f0-b68f-8f33a9d74e0c: Invalid comparison between dtype=datetime64[ns, Asia/Colombo] and datetime
2026-02-25 14:27:52 - thingsboard-forecast - WARNING - Job 43c7a922-8fcc-4987-8953-b1f1a4ea5898 - Asset 5551e5e0-df25-11f0-b68f-8f33a9d74e0c error: forecast_calculation_error: Invalid comparison between dtype=datetime64[ns, Asia/Colombo] and datetime
2026-02-25 14:27:52 - thingsboard-forecast - INFO - Forecast job 43c7a922-8fcc-4987-8953-b1f1a4ea5898 completed: 0 successful, 1 failed, 0 skipped
2026-02-25 14:27:52 - thingsboard-forecast - INFO - Job 43c7a922-8fcc-4987-8953-b1f1a4ea5898 status updated to completed
2026-02-25 14:28:09 - thingsboard-forecast - INFO - Received forecast request for asset: 1efbe6e0-d033-11f0-adfd-15f38d7cdc8e | already_have=False | start=2026-03-01 end=2026-03-31
2026-02-25 14:28:09 - thingsboard-forecast - INFO - Authenticating with ThingsBoard...
2026-02-25 14:28:10 - thingsboard-forecast - INFO - Successfully authenticated with ThingsBoard
2026-02-25 14:28:10 - thingsboard-forecast - INFO - Created job 51dbea71-4baf-41d1-a1a9-1ae03130e704 for asset 1efbe6e0-d033-11f0-adfd-15f38d7cdc8e
2026-02-25 14:28:10 - thingsboard-forecast - INFO - Forecast job 51dbea71-4baf-41d1-a1a9-1ae03130e704 started in background
2026-02-25 14:28:10 - thingsboard-forecast - INFO - Starting forecast job 51dbea71-4baf-41d1-a1a9-1ae03130e704 for main asset 1efbe6e0-d033-11f0-adfd-15f38d7cdc8e | already_have=False | start=2026-03-01T00:00:00 end=2026-03-31T00:00:00
2026-02-25 14:28:10 - thingsboard-forecast - INFO - Job 51dbea71-4baf-41d1-a1a9-1ae03130e704 status updated to running
2026-02-25 14:28:10 - thingsboard-forecast - INFO - Retrieving assets from 1efbe6e0-d033-11f0-adfd-15f38d7cdc8e
2026-02-25 14:28:10 - thingsboard-forecast - INFO - Traversing asset hierarchy from 1efbe6e0-d033-11f0-adfd-15f38d7cdc8e to level 1
2026-02-25 14:28:10 - thingsboard-forecast - INFO - Authenticating with ThingsBoard...
2026-02-25 14:28:11 - thingsboard-forecast - INFO - Successfully authenticated with ThingsBoard
2026-02-25 14:28:11 - thingsboard-forecast - INFO - Level 1: Found 1 assets
2026-02-25 14:28:11 - thingsboard-forecast - INFO - Found 1 assets at level 1
2026-02-25 14:28:11 - thingsboard-forecast - INFO - Processing asset 1/1: 5551e5e0-df25-11f0-b68f-8f33a9d74e0c
2026-02-25 14:28:11 - thingsboard-forecast - INFO - Processing asset 5551e5e0-df25-11f0-b68f-8f33a9d74e0c
2026-02-25 14:28:11 - thingsboard-forecast - INFO - Retrieved 19 attributes for 5551e5e0-df25-11f0-b68f-8f33a9d74e0c
2026-02-25 14:28:11 - thingsboard-forecast - INFO - Running power prediction for 5551e5e0-df25-11f0-b68f-8f33a9d74e0c
2026-02-25 14:28:12 - thingsboard-forecast - ERROR - Power prediction failed for 5551e5e0-df25-11f0-b68f-8f33a9d74e0c: Invalid comparison between dtype=datetime64[ns, Asia/Colombo] and datetime
2026-02-25 14:28:12 - thingsboard-forecast - WARNING - Job 51dbea71-4baf-41d1-a1a9-1ae03130e704 - Asset 5551e5e0-df25-11f0-b68f-8f33a9d74e0c error: forecast_calculation_error: Invalid comparison between dtype=datetime64[ns, Asia/Colombo] and datetime
2026-02-25 14:28:12 - thingsboard-forecast - INFO - Forecast job 51dbea71-4baf-41d1-a1a9-1ae03130e704 completed: 0 successful, 1 failed, 0 skipped
2026-02-25 14:28:12 - thingsboard-forecast - INFO - Job 51dbea71-4baf-41d1-a1a9-1ae03130e704 status updated to completed
2026-02-25 14:30:57 - thingsboard-forecast - INFO - Received forecast request for asset: 1efbe6e0-d033-11f0-adfd-15f38d7cdc8e | already_have=False | start=2026-03-01 end=2026-03-31
2026-02-25 14:30:57 - thingsboard-forecast - INFO - Authenticating with ThingsBoard...
2026-02-25 14:30:59 - thingsboard-forecast - INFO - Successfully authenticated with ThingsBoard
2026-02-25 14:30:59 - thingsboard-forecast - INFO - Created job 325a66ee-b8d6-44e3-a790-e9076ede945a for asset 1efbe6e0-d033-11f0-adfd-15f38d7cdc8e
2026-02-25 14:30:59 - thingsboard-forecast - INFO - Forecast job 325a66ee-b8d6-44e3-a790-e9076ede945a started in background
2026-02-25 14:30:59 - thingsboard-forecast - INFO - Starting forecast job 325a66ee-b8d6-44e3-a790-e9076ede945a for main asset 1efbe6e0-d033-11f0-adfd-15f38d7cdc8e | already_have=False | start=2026-03-01T00:00:00 end=2026-03-31T00:00:00
2026-02-25 14:30:59 - thingsboard-forecast - INFO - Job 325a66ee-b8d6-44e3-a790-e9076ede945a status updated to running
2026-02-25 14:30:59 - thingsboard-forecast - INFO - Retrieving assets from 1efbe6e0-d033-11f0-adfd-15f38d7cdc8e
2026-02-25 14:30:59 - thingsboard-forecast - INFO - Traversing asset hierarchy from 1efbe6e0-d033-11f0-adfd-15f38d7cdc8e to level 1
2026-02-25 14:30:59 - thingsboard-forecast - INFO - Authenticating with ThingsBoard...
2026-02-25 14:31:00 - thingsboard-forecast - INFO - Successfully authenticated with ThingsBoard
2026-02-25 14:31:00 - thingsboard-forecast - INFO - Level 1: Found 1 assets
2026-02-25 14:31:00 - thingsboard-forecast - INFO - Found 1 assets at level 1
2026-02-25 14:31:00 - thingsboard-forecast - INFO - Processing asset 1/1: 5551e5e0-df25-11f0-b68f-8f33a9d74e0c
2026-02-25 14:31:00 - thingsboard-forecast - INFO - Processing asset 5551e5e0-df25-11f0-b68f-8f33a9d74e0c
2026-02-25 14:31:01 - thingsboard-forecast - INFO - Retrieved 19 attributes for 5551e5e0-df25-11f0-b68f-8f33a9d74e0c
2026-02-25 14:31:01 - thingsboard-forecast - INFO - Running power prediction for 5551e5e0-df25-11f0-b68f-8f33a9d74e0c
2026-02-25 14:31:01 - thingsboard-forecast - ERROR - Power prediction failed for 5551e5e0-df25-11f0-b68f-8f33a9d74e0c: Invalid comparison between dtype=datetime64[ns, Asia/Colombo] and datetime
2026-02-25 14:31:01 - thingsboard-forecast - WARNING - Job 325a66ee-b8d6-44e3-a790-e9076ede945a - Asset 5551e5e0-df25-11f0-b68f-8f33a9d74e0c error: forecast_calculation_error: Invalid comparison between dtype=datetime64[ns, Asia/Colombo] and datetime
2026-02-25 14:31:01 - thingsboard-forecast - INFO - Forecast job 325a66ee-b8d6-44e3-a790-e9076ede945a completed: 0 successful, 1 failed, 0 skipped
2026-02-25 14:31:01 - thingsboard-forecast - INFO - Job 325a66ee-b8d6-44e3-a790-e9076ede945a status updated to completed
2026-02-25 14:31:22 - thingsboard-forecast - INFO - ============================================================
2026-02-25 14:31:22 - thingsboard-forecast - INFO - Starting thingsboard-power-forecast-api v1.0.0
2026-02-25 14:31:22 - thingsboard-forecast - INFO - ============================================================
2026-02-25 14:31:22 - thingsboard-forecast - INFO - Configuration validated successfully
2026-02-25 14:31:22 - thingsboard-forecast - INFO - ThingsBoard Host: https://cloud.thingsnode.cc
2026-02-25 14:31:22 - thingsboard-forecast - INFO - Default Target Level: 1
2026-02-25 14:31:22 - thingsboard-forecast - INFO - Timezone: Asia/Colombo
2026-02-25 14:31:22 - thingsboard-forecast - INFO - API is ready to accept requests
2026-02-25 14:31:22 - thingsboard-forecast - INFO - ============================================================
2026-02-25 14:31:24 - thingsboard-forecast - INFO - Received forecast request for asset: 1efbe6e0-d033-11f0-adfd-15f38d7cdc8e | already_have=False | start=2026-03-01 end=2026-03-31
2026-02-25 14:31:24 - thingsboard-forecast - INFO - Authenticating with ThingsBoard...
2026-02-25 14:31:25 - thingsboard-forecast - INFO - Successfully authenticated with ThingsBoard
2026-02-25 14:31:26 - thingsboard-forecast - INFO - Created job e59d1d1d-9f51-4b3b-8a04-0dd9f3e07672 for asset 1efbe6e0-d033-11f0-adfd-15f38d7cdc8e
2026-02-25 14:31:26 - thingsboard-forecast - INFO - Forecast job e59d1d1d-9f51-4b3b-8a04-0dd9f3e07672 started in background
2026-02-25 14:31:26 - thingsboard-forecast - INFO - Starting forecast job e59d1d1d-9f51-4b3b-8a04-0dd9f3e07672 for main asset 1efbe6e0-d033-11f0-adfd-15f38d7cdc8e | already_have=False | start=2026-03-01T00:00:00 end=2026-03-31T00:00:00
2026-02-25 14:31:26 - thingsboard-forecast - INFO - Job e59d1d1d-9f51-4b3b-8a04-0dd9f3e07672 status updated to running
2026-02-25 14:31:26 - thingsboard-forecast - INFO - Retrieving assets from 1efbe6e0-d033-11f0-adfd-15f38d7cdc8e
2026-02-25 14:31:26 - thingsboard-forecast - INFO - Traversing asset hierarchy from 1efbe6e0-d033-11f0-adfd-15f38d7cdc8e to level 1
2026-02-25 14:31:26 - thingsboard-forecast - INFO - Authenticating with ThingsBoard...
2026-02-25 14:31:27 - thingsboard-forecast - INFO - Successfully authenticated with ThingsBoard
2026-02-25 14:31:27 - thingsboard-forecast - INFO - Level 1: Found 1 assets
2026-02-25 14:31:27 - thingsboard-forecast - INFO - Found 1 assets at level 1
2026-02-25 14:31:27 - thingsboard-forecast - INFO - Processing asset 1/1: 5551e5e0-df25-11f0-b68f-8f33a9d74e0c
2026-02-25 14:31:27 - thingsboard-forecast - INFO - Processing asset 5551e5e0-df25-11f0-b68f-8f33a9d74e0c
2026-02-25 14:31:27 - thingsboard-forecast - INFO - Retrieved 19 attributes for 5551e5e0-df25-11f0-b68f-8f33a9d74e0c
2026-02-25 14:31:27 - thingsboard-forecast - INFO - Running power prediction for 5551e5e0-df25-11f0-b68f-8f33a9d74e0c
2026-02-25 14:31:27 - thingsboard-forecast - ERROR - Power prediction failed for 5551e5e0-df25-11f0-b68f-8f33a9d74e0c: Invalid comparison between dtype=datetime64[ns, Asia/Colombo] and datetime
2026-02-25 14:31:27 - thingsboard-forecast - WARNING - Job e59d1d1d-9f51-4b3b-8a04-0dd9f3e07672 - Asset 5551e5e0-df25-11f0-b68f-8f33a9d74e0c error: forecast_calculation_error: Invalid comparison between dtype=datetime64[ns, Asia/Colombo] and datetime
2026-02-25 14:31:27 - thingsboard-forecast - INFO - Forecast job e59d1d1d-9f51-4b3b-8a04-0dd9f3e07672 completed: 0 successful, 1 failed, 0 skipped
2026-02-25 14:31:27 - thingsboard-forecast - INFO - Job e59d1d1d-9f51-4b3b-8a04-0dd9f3e07672 status updated to completed
2026-02-25 14:31:58 - thingsboard-forecast - INFO - ============================================================
2026-02-25 14:31:58 - thingsboard-forecast - INFO - Starting thingsboard-power-forecast-api v1.0.0
2026-02-25 14:31:58 - thingsboard-forecast - INFO - ============================================================
2026-02-25 14:31:58 - thingsboard-forecast - INFO - Configuration validated successfully
2026-02-25 14:31:58 - thingsboard-forecast - INFO - ThingsBoard Host: https://cloud.thingsnode.cc
2026-02-25 14:31:58 - thingsboard-forecast - INFO - Default Target Level: 1
2026-02-25 14:31:58 - thingsboard-forecast - INFO - Timezone: Asia/Colombo
2026-02-25 14:31:58 - thingsboard-forecast - INFO - API is ready to accept requests
2026-02-25 14:31:58 - thingsboard-forecast - INFO - ============================================================
2026-02-25 14:32:33 - thingsboard-forecast - INFO - Received forecast request for asset: 5551e5e0-df25-11f0-b68f-8f33a9d74e0c | already_have=True | start=2025-01-01 end=2025-01-31
2026-02-25 14:32:33 - thingsboard-forecast - INFO - Authenticating with ThingsBoard...
2026-02-25 14:32:34 - thingsboard-forecast - INFO - Successfully authenticated with ThingsBoard
2026-02-25 14:32:34 - thingsboard-forecast - INFO - Created job a9ace5c2-78b4-417f-a661-cff5a585888a for asset 5551e5e0-df25-11f0-b68f-8f33a9d74e0c
2026-02-25 14:32:34 - thingsboard-forecast - INFO - Forecast job a9ace5c2-78b4-417f-a661-cff5a585888a started in background
2026-02-25 14:32:34 - thingsboard-forecast - INFO - Starting forecast job a9ace5c2-78b4-417f-a661-cff5a585888a for main asset 5551e5e0-df25-11f0-b68f-8f33a9d74e0c | already_have=True | start=2025-01-01T00:00:00 end=2025-01-31T00:00:00
2026-02-25 14:32:34 - thingsboard-forecast - INFO - Job a9ace5c2-78b4-417f-a661-cff5a585888a status updated to running
2026-02-25 14:32:34 - thingsboard-forecast - INFO - Retrieving assets from 5551e5e0-df25-11f0-b68f-8f33a9d74e0c
2026-02-25 14:32:34 - thingsboard-forecast - INFO - Traversing asset hierarchy from 5551e5e0-df25-11f0-b68f-8f33a9d74e0c to level 1
2026-02-25 14:32:34 - thingsboard-forecast - INFO - Authenticating with ThingsBoard...
2026-02-25 14:32:35 - thingsboard-forecast - INFO - Successfully authenticated with ThingsBoard
2026-02-25 14:32:35 - thingsboard-forecast - INFO - Level 1: Found 0 assets
2026-02-25 14:32:35 - thingsboard-forecast - WARNING - No assets found at level 1. Stopping traversal.
2026-02-25 14:32:35 - thingsboard-forecast - INFO - Found 0 assets at level 1
2026-02-25 14:32:35 - thingsboard-forecast - WARNING - No assets found for 5551e5e0-df25-11f0-b68f-8f33a9d74e0c
2026-02-25 14:32:35 - thingsboard-forecast - INFO - Job a9ace5c2-78b4-417f-a661-cff5a585888a status updated to completed
2026-02-25 14:37:34 - thingsboard-forecast - INFO - Received forecast request for asset: 1efbe6e0-d033-11f0-adfd-15f38d7cdc8e | already_have=True | start=2025-01-01 end=2025-01-31
2026-02-25 14:37:35 - thingsboard-forecast - INFO - Authenticating with ThingsBoard...
2026-02-25 14:37:36 - thingsboard-forecast - INFO - Successfully authenticated with ThingsBoard
2026-02-25 14:37:36 - thingsboard-forecast - INFO - Created job 65bbcdf0-bd9f-4caf-beb9-e96420bf8421 for asset 1efbe6e0-d033-11f0-adfd-15f38d7cdc8e
2026-02-25 14:37:36 - thingsboard-forecast - INFO - Forecast job 65bbcdf0-bd9f-4caf-beb9-e96420bf8421 started in background
2026-02-25 14:37:36 - thingsboard-forecast - INFO - Starting forecast job 65bbcdf0-bd9f-4caf-beb9-e96420bf8421 for main asset 1efbe6e0-d033-11f0-adfd-15f38d7cdc8e | already_have=True | start=2025-01-01T00:00:00 end=2025-01-31T00:00:00
2026-02-25 14:37:36 - thingsboard-forecast - INFO - Job 65bbcdf0-bd9f-4caf-beb9-e96420bf8421 status updated to running
2026-02-25 14:37:36 - thingsboard-forecast - INFO - Retrieving assets from 1efbe6e0-d033-11f0-adfd-15f38d7cdc8e
2026-02-25 14:37:36 - thingsboard-forecast - INFO - Traversing asset hierarchy from 1efbe6e0-d033-11f0-adfd-15f38d7cdc8e to level 1
2026-02-25 14:37:36 - thingsboard-forecast - INFO - Authenticating with ThingsBoard...
2026-02-25 14:37:37 - thingsboard-forecast - INFO - Successfully authenticated with ThingsBoard
2026-02-25 14:37:37 - thingsboard-forecast - INFO - Level 1: Found 1 assets
2026-02-25 14:37:37 - thingsboard-forecast - INFO - Found 1 assets at level 1
2026-02-25 14:37:37 - thingsboard-forecast - INFO - Processing asset 1/1: 5551e5e0-df25-11f0-b68f-8f33a9d74e0c
2026-02-25 14:37:37 - thingsboard-forecast - INFO - Processing asset 5551e5e0-df25-11f0-b68f-8f33a9d74e0c
2026-02-25 14:37:37 - thingsboard-forecast - INFO - Retrieved 19 attributes for 5551e5e0-df25-11f0-b68f-8f33a9d74e0c
2026-02-25 14:37:38 - thingsboard-forecast - WARNING - No telemetry data in range for asset 5551e5e0-df25-11f0-b68f-8f33a9d74e0c
2026-02-25 14:37:38 - thingsboard-forecast - WARNING - Asset 5551e5e0-df25-11f0-b68f-8f33a9d74e0c lacks historical data in requested range; continuing with forecast-only generation
2026-02-25 14:37:38 - thingsboard-forecast - INFO - Running power prediction for 5551e5e0-df25-11f0-b68f-8f33a9d74e0c
2026-02-25 14:37:38 - thingsboard-forecast - INFO - Prediction completed for 5551e5e0-df25-11f0-b68f-8f33a9d74e0c: 12842.52 kWh total
2026-02-25 14:37:38 - thingsboard-forecast - INFO - Writing telemetry for 5551e5e0-df25-11f0-b68f-8f33a9d74e0c
2026-02-25 14:37:38 - thingsboard-forecast - WARNING - No telemetry records to write for 5551e5e0-df25-11f0-b68f-8f33a9d74e0c
2026-02-25 14:37:38 - thingsboard-forecast - INFO - Forecast job 65bbcdf0-bd9f-4caf-beb9-e96420bf8421 completed: 1 successful, 0 failed, 0 skipped
2026-02-25 14:37:38 - thingsboard-forecast - INFO - Job 65bbcdf0-bd9f-4caf-beb9-e96420bf8421 status updated to completed
2026-02-25 14:38:06 - thingsboard-forecast - INFO - Received forecast request for asset: 1efbe6e0-d033-11f0-adfd-15f38d7cdc8e | already_have=True | start=2026-03-01 end=2026-03-31
2026-02-25 14:38:06 - thingsboard-forecast - INFO - Authenticating with ThingsBoard...
2026-02-25 14:38:07 - thingsboard-forecast - INFO - Successfully authenticated with ThingsBoard
2026-02-25 14:38:07 - thingsboard-forecast - INFO - Created job a132eec5-3cf2-4ce2-9468-d01a4e496f15 for asset 1efbe6e0-d033-11f0-adfd-15f38d7cdc8e
2026-02-25 14:38:07 - thingsboard-forecast - INFO - Forecast job a132eec5-3cf2-4ce2-9468-d01a4e496f15 started in background
2026-02-25 14:38:07 - thingsboard-forecast - INFO - Starting forecast job a132eec5-3cf2-4ce2-9468-d01a4e496f15 for main asset 1efbe6e0-d033-11f0-adfd-15f38d7cdc8e | already_have=True | start=2026-03-01T00:00:00 end=2026-03-31T00:00:00
2026-02-25 14:38:07 - thingsboard-forecast - INFO - Job a132eec5-3cf2-4ce2-9468-d01a4e496f15 status updated to running
2026-02-25 14:38:08 - thingsboard-forecast - INFO - Retrieving assets from 1efbe6e0-d033-11f0-adfd-15f38d7cdc8e
2026-02-25 14:38:08 - thingsboard-forecast - INFO - Traversing asset hierarchy from 1efbe6e0-d033-11f0-adfd-15f38d7cdc8e to level 1
2026-02-25 14:38:08 - thingsboard-forecast - INFO - Authenticating with ThingsBoard...
2026-02-25 14:38:08 - thingsboard-forecast - INFO - Successfully authenticated with ThingsBoard
2026-02-25 14:38:09 - thingsboard-forecast - INFO - Level 1: Found 1 assets
2026-02-25 14:38:09 - thingsboard-forecast - INFO - Found 1 assets at level 1
2026-02-25 14:38:09 - thingsboard-forecast - INFO - Processing asset 1/1: 5551e5e0-df25-11f0-b68f-8f33a9d74e0c
2026-02-25 14:38:09 - thingsboard-forecast - INFO - Processing asset 5551e5e0-df25-11f0-b68f-8f33a9d74e0c
2026-02-25 14:38:09 - thingsboard-forecast - INFO - Retrieved 19 attributes for 5551e5e0-df25-11f0-b68f-8f33a9d74e0c
2026-02-25 14:38:09 - thingsboard-forecast - WARNING - No telemetry data in range for asset 5551e5e0-df25-11f0-b68f-8f33a9d74e0c
2026-02-25 14:38:09 - thingsboard-forecast - WARNING - Asset 5551e5e0-df25-11f0-b68f-8f33a9d74e0c lacks historical data in requested range; continuing with forecast-only generation
2026-02-25 14:38:09 - thingsboard-forecast - INFO - Running power prediction for 5551e5e0-df25-11f0-b68f-8f33a9d74e0c
2026-02-25 14:38:10 - thingsboard-forecast - INFO - Prediction completed for 5551e5e0-df25-11f0-b68f-8f33a9d74e0c: 12842.52 kWh total
2026-02-25 14:38:10 - thingsboard-forecast - INFO - Writing telemetry for 5551e5e0-df25-11f0-b68f-8f33a9d74e0c
2026-02-25 14:38:10 - thingsboard-forecast - WARNING - No telemetry records to write for 5551e5e0-df25-11f0-b68f-8f33a9d74e0c
2026-02-25 14:38:10 - thingsboard-forecast - INFO - Forecast job a132eec5-3cf2-4ce2-9468-d01a4e496f15 completed: 1 successful, 0 failed, 0 skipped
2026-02-25 14:38:10 - thingsboard-forecast - INFO - Job a132eec5-3cf2-4ce2-9468-d01a4e496f15 status updated to completed
2026-02-25 14:48:30 - thingsboard-forecast - INFO - ============================================================
2026-02-25 14:48:30 - thingsboard-forecast - INFO - Shutting down API service
2026-02-25 14:48:30 - thingsboard-forecast - INFO - ============================================================
2026-02-25 14:48:32 - thingsboard-forecast - INFO - ============================================================
2026-02-25 14:48:32 - thingsboard-forecast - INFO - Starting thingsboard-power-forecast-api v1.0.0
2026-02-25 14:48:32 - thingsboard-forecast - INFO - ============================================================
2026-02-25 14:48:32 - thingsboard-forecast - INFO - Configuration validated successfully
2026-02-25 14:48:32 - thingsboard-forecast - INFO - ThingsBoard Host: https://cloud.thingsnode.cc
2026-02-25 14:48:32 - thingsboard-forecast - INFO - Default Target Level: 1
2026-02-25 14:48:32 - thingsboard-forecast - INFO - Timezone: Asia/Colombo
2026-02-25 14:48:32 - thingsboard-forecast - INFO - API is ready to accept requests
2026-02-25 14:48:32 - thingsboard-forecast - INFO - ============================================================
2026-02-25 14:48:34 - thingsboard-forecast - INFO - ============================================================
2026-02-25 14:48:34 - thingsboard-forecast - INFO - Starting thingsboard-power-forecast-api v1.0.0
2026-02-25 14:48:34 - thingsboard-forecast - INFO - ============================================================
2026-02-25 14:48:34 - thingsboard-forecast - INFO - Configuration validated successfully
2026-02-25 14:48:34 - thingsboard-forecast - INFO - ThingsBoard Host: https://cloud.thingsnode.cc
2026-02-25 14:48:34 - thingsboard-forecast - INFO - Default Target Level: 1
2026-02-25 14:48:34 - thingsboard-forecast - INFO - Timezone: Asia/Colombo
2026-02-25 14:48:34 - thingsboard-forecast - INFO - API is ready to accept requests
2026-02-25 14:48:34 - thingsboard-forecast - INFO - ============================================================
2026-02-25 14:49:04 - thingsboard-forecast - INFO - ============================================================
2026-02-25 14:49:04 - thingsboard-forecast - INFO - Shutting down API service
2026-02-25 14:49:04 - thingsboard-forecast - INFO - ============================================================
2026-02-25 14:49:06 - thingsboard-forecast - INFO - ============================================================
2026-02-25 14:49:06 - thingsboard-forecast - INFO - Starting thingsboard-power-forecast-api v1.0.0
2026-02-25 14:49:06 - thingsboard-forecast - INFO - ============================================================
2026-02-25 14:49:06 - thingsboard-forecast - INFO - Configuration validated successfully
2026-02-25 14:49:06 - thingsboard-forecast - INFO - ThingsBoard Host: https://cloud.thingsnode.cc
2026-02-25 14:49:06 - thingsboard-forecast - INFO - Default Target Level: 1
2026-02-25 14:49:06 - thingsboard-forecast - INFO - Timezone: Asia/Colombo
2026-02-25 14:49:06 - thingsboard-forecast - INFO - API is ready to accept requests
2026-02-25 14:49:06 - thingsboard-forecast - INFO - ============================================================
2026-02-25 14:49:24 - thingsboard-forecast - INFO - Received forecast request for asset: 1efbe6e0-d033-11f0-adfd-15f38d7cdc8e | already_have=True | start=2026-03-01 end=2026-03-31
2026-02-25 14:49:24 - thingsboard-forecast - INFO - Authenticating with ThingsBoard...
2026-02-25 14:49:25 - thingsboard-forecast - INFO - Successfully authenticated with ThingsBoard
2026-02-25 14:49:25 - thingsboard-forecast - INFO - Created job 2af5308b-a9e0-4d36-bb8e-97d6ca3ae79a for asset 1efbe6e0-d033-11f0-adfd-15f38d7cdc8e
2026-02-25 14:49:25 - thingsboard-forecast - INFO - Forecast job 2af5308b-a9e0-4d36-bb8e-97d6ca3ae79a started in background
2026-02-25 14:49:25 - thingsboard-forecast - INFO - Starting forecast job 2af5308b-a9e0-4d36-bb8e-97d6ca3ae79a for main asset 1efbe6e0-d033-11f0-adfd-15f38d7cdc8e | already_have=True | start=2026-03-01T00:00:00 end=2026-03-31T00:00:00
2026-02-25 14:49:25 - thingsboard-forecast - INFO - Job 2af5308b-a9e0-4d36-bb8e-97d6ca3ae79a status updated to running
2026-02-25 14:49:25 - thingsboard-forecast - INFO - Retrieving assets from 1efbe6e0-d033-11f0-adfd-15f38d7cdc8e
2026-02-25 14:49:25 - thingsboard-forecast - INFO - Traversing asset hierarchy from 1efbe6e0-d033-11f0-adfd-15f38d7cdc8e to level 1
2026-02-25 14:49:25 - thingsboard-forecast - INFO - Authenticating with ThingsBoard...
2026-02-25 14:49:26 - thingsboard-forecast - INFO - Successfully authenticated with ThingsBoard
2026-02-25 14:49:26 - thingsboard-forecast - INFO - Level 1: Found 1 assets
2026-02-25 14:49:26 - thingsboard-forecast - INFO - Found 1 assets at level 1
2026-02-25 14:49:26 - thingsboard-forecast - INFO - Processing asset 1/1: 5551e5e0-df25-11f0-b68f-8f33a9d74e0c
2026-02-25 14:49:26 - thingsboard-forecast - INFO - Processing asset 5551e5e0-df25-11f0-b68f-8f33a9d74e0c
2026-02-25 14:49:27 - thingsboard-forecast - INFO - Retrieved 19 attributes for 5551e5e0-df25-11f0-b68f-8f33a9d74e0c
2026-02-25 14:49:27 - thingsboard-forecast - WARNING - No telemetry data in range for asset 5551e5e0-df25-11f0-b68f-8f33a9d74e0c
2026-02-25 14:49:27 - thingsboard-forecast - WARNING - Asset 5551e5e0-df25-11f0-b68f-8f33a9d74e0c lacks historical data in requested range; continuing with forecast-only generation
2026-02-25 14:49:27 - thingsboard-forecast - INFO - Running power prediction for 5551e5e0-df25-11f0-b68f-8f33a9d74e0c
2026-02-25 14:49:27 - thingsboard-forecast - INFO - Prediction completed for 5551e5e0-df25-11f0-b68f-8f33a9d74e0c: 12842.52 kWh total
2026-02-25 14:49:27 - thingsboard-forecast - INFO - Writing telemetry for 5551e5e0-df25-11f0-b68f-8f33a9d74e0c
2026-02-25 14:49:27 - thingsboard-forecast - WARNING - No telemetry records to write for 5551e5e0-df25-11f0-b68f-8f33a9d74e0c
2026-02-25 14:49:27 - thingsboard-forecast - INFO - Forecast job 2af5308b-a9e0-4d36-bb8e-97d6ca3ae79a completed: 1 successful, 0 failed, 0 skipped
2026-02-25 14:49:27 - thingsboard-forecast - INFO - Job 2af5308b-a9e0-4d36-bb8e-97d6ca3ae79a status updated to completed
2026-02-25 14:50:05 - thingsboard-forecast - INFO - Processing new asset: b4ee7360-f4fb-11f0-bef0-af3b94c8901e
2026-02-25 14:50:05 - thingsboard-forecast - INFO - Processing new asset b4ee7360-f4fb-11f0-bef0-af3b94c8901e | already_have=False | start=2025-02-01T00:00:00 end=2025-02-28T00:00:00
2026-02-25 14:50:05 - thingsboard-forecast - INFO - Authenticating with ThingsBoard...
2026-02-25 14:50:06 - thingsboard-forecast - INFO - Successfully authenticated with ThingsBoard
2026-02-25 14:50:06 - thingsboard-forecast - WARNING - Asset b4ee7360-f4fb-11f0-bef0-af3b94c8901e not found in ThingsBoard
2026-02-25 14:50:25 - thingsboard-forecast - INFO - Processing new asset: 1efbe6e0-d033-11f0-adfd-15f38d7cdc8e
2026-02-25 14:50:25 - thingsboard-forecast - INFO - Processing new asset 1efbe6e0-d033-11f0-adfd-15f38d7cdc8e | already_have=False | start=2026-02-01T00:00:00 end=2026-02-28T00:00:00
2026-02-25 14:50:26 - thingsboard-forecast - INFO - Authenticating with ThingsBoard...
2026-02-25 14:50:26 - thingsboard-forecast - INFO - Successfully authenticated with ThingsBoard
2026-02-25 14:50:27 - thingsboard-forecast - INFO - Processing asset 1efbe6e0-d033-11f0-adfd-15f38d7cdc8e
2026-02-25 14:50:27 - thingsboard-forecast - INFO - Retrieved 1 attributes for 1efbe6e0-d033-11f0-adfd-15f38d7cdc8e
2026-02-25 14:50:27 - thingsboard-forecast - WARNING - Asset 1efbe6e0-d033-11f0-adfd-15f38d7cdc8e missing required attributes: ['latitude', 'longitude', 'orientation', 'pv_module_area', 'inverter_power']
2026-02-25 14:50:50 - thingsboard-forecast - INFO - Received forecast request for asset: 1efbe6e0-d033-11f0-adfd-15f38d7cdc8e | already_have=True | start=2026-03-01 end=2026-03-31
2026-02-25 14:50:50 - thingsboard-forecast - INFO - Authenticating with ThingsBoard...
2026-02-25 14:50:51 - thingsboard-forecast - INFO - Successfully authenticated with ThingsBoard
2026-02-25 14:50:51 - thingsboard-forecast - INFO - Created job 7507e4e5-f984-4fac-be70-ec649890db06 for asset 1efbe6e0-d033-11f0-adfd-15f38d7cdc8e
2026-02-25 14:50:51 - thingsboard-forecast - INFO - Forecast job 7507e4e5-f984-4fac-be70-ec649890db06 started in background
2026-02-25 14:50:51 - thingsboard-forecast - INFO - Starting forecast job 7507e4e5-f984-4fac-be70-ec649890db06 for main asset 1efbe6e0-d033-11f0-adfd-15f38d7cdc8e | already_have=True | start=2026-03-01T00:00:00 end=2026-03-31T00:00:00
2026-02-25 14:50:51 - thingsboard-forecast - INFO - Job 7507e4e5-f984-4fac-be70-ec649890db06 status updated to running
2026-02-25 14:50:51 - thingsboard-forecast - INFO - Retrieving assets from 1efbe6e0-d033-11f0-adfd-15f38d7cdc8e
2026-02-25 14:50:51 - thingsboard-forecast - INFO - Traversing asset hierarchy from 1efbe6e0-d033-11f0-adfd-15f38d7cdc8e to level 1
2026-02-25 14:50:51 - thingsboard-forecast - INFO - Authenticating with ThingsBoard...
2026-02-25 14:50:52 - thingsboard-forecast - INFO - Successfully authenticated with ThingsBoard
2026-02-25 14:50:52 - thingsboard-forecast - INFO - Level 1: Found 1 assets
2026-02-25 14:50:52 - thingsboard-forecast - INFO - Found 1 assets at level 1
2026-02-25 14:50:52 - thingsboard-forecast - INFO - Processing asset 1/1: 5551e5e0-df25-11f0-b68f-8f33a9d74e0c
2026-02-25 14:50:52 - thingsboard-forecast - INFO - Processing asset 5551e5e0-df25-11f0-b68f-8f33a9d74e0c
2026-02-25 14:50:52 - thingsboard-forecast - INFO - Retrieved 19 attributes for 5551e5e0-df25-11f0-b68f-8f33a9d74e0c
2026-02-25 14:50:53 - thingsboard-forecast - WARNING - No telemetry data in range for asset 5551e5e0-df25-11f0-b68f-8f33a9d74e0c
2026-02-25 14:50:53 - thingsboard-forecast - WARNING - Asset 5551e5e0-df25-11f0-b68f-8f33a9d74e0c lacks historical data in requested range; continuing with forecast-only generation
2026-02-25 14:50:53 - thingsboard-forecast - INFO - Running power prediction for 5551e5e0-df25-11f0-b68f-8f33a9d74e0c
2026-02-25 14:50:53 - thingsboard-forecast - INFO - Prediction completed for 5551e5e0-df25-11f0-b68f-8f33a9d74e0c: 12842.52 kWh total
2026-02-25 14:50:53 - thingsboard-forecast - INFO - Writing telemetry for 5551e5e0-df25-11f0-b68f-8f33a9d74e0c
2026-02-25 14:50:53 - thingsboard-forecast - WARNING - No telemetry records to write for 5551e5e0-df25-11f0-b68f-8f33a9d74e0c
2026-02-25 14:50:53 - thingsboard-forecast - INFO - Forecast job 7507e4e5-f984-4fac-be70-ec649890db06 completed: 1 successful, 0 failed, 0 skipped
2026-02-25 14:50:53 - thingsboard-forecast - INFO - Job 7507e4e5-f984-4fac-be70-ec649890db06 status updated to completed
2026-02-25 14:51:42 - thingsboard-forecast - INFO - ============================================================
2026-02-25 14:51:42 - thingsboard-forecast - INFO - Shutting down API service
2026-02-25 14:51:42 - thingsboard-forecast - INFO - ============================================================
2026-02-25 14:51:44 - thingsboard-forecast - INFO - ============================================================
2026-02-25 14:51:44 - thingsboard-forecast - INFO - Starting thingsboard-power-forecast-api v1.0.0
2026-02-25 14:51:44 - thingsboard-forecast - INFO - ============================================================
2026-02-25 14:51:44 - thingsboard-forecast - INFO - Configuration validated successfully
2026-02-25 14:51:44 - thingsboard-forecast - INFO - ThingsBoard Host: https://cloud.thingsnode.cc
2026-02-25 14:51:44 - thingsboard-forecast - INFO - Default Target Level: 1
2026-02-25 14:51:44 - thingsboard-forecast - INFO - Timezone: Asia/Colombo
2026-02-25 14:51:44 - thingsboard-forecast - INFO - API is ready to accept requests
2026-02-25 14:51:44 - thingsboard-forecast - INFO - ============================================================
2026-02-25 14:51:46 - thingsboard-forecast - INFO - ============================================================
2026-02-25 14:51:46 - thingsboard-forecast - INFO - Shutting down API service
2026-02-25 14:51:46 - thingsboard-forecast - INFO - ============================================================
2026-02-25 14:51:48 - thingsboard-forecast - INFO - ============================================================
2026-02-25 14:51:48 - thingsboard-forecast - INFO - Starting thingsboard-power-forecast-api v1.0.0
2026-02-25 14:51:48 - thingsboard-forecast - INFO - ============================================================
2026-02-25 14:51:48 - thingsboard-forecast - INFO - Configuration validated successfully
2026-02-25 14:51:48 - thingsboard-forecast - INFO - ThingsBoard Host: https://cloud.thingsnode.cc
2026-02-25 14:51:48 - thingsboard-forecast - INFO - Default Target Level: 1
2026-02-25 14:51:48 - thingsboard-forecast - INFO - Timezone: Asia/Colombo
2026-02-25 14:51:48 - thingsboard-forecast - INFO - API is ready to accept requests
2026-02-25 14:51:48 - thingsboard-forecast - INFO - ============================================================
2026-02-25 14:52:38 - thingsboard-forecast - INFO - Received forecast request for asset: 1efbe6e0-d033-11f0-adfd-15f38d7cdc8e | already_have=True | start=2026-03-01 end=2026-03-31
2026-02-25 14:52:38 - thingsboard-forecast - INFO - Authenticating with ThingsBoard...
2026-02-25 14:52:39 - thingsboard-forecast - INFO - Successfully authenticated with ThingsBoard
2026-02-25 14:52:39 - thingsboard-forecast - INFO - Created job 75b28bfd-af95-4f8c-bab9-80281ebde87e for asset 1efbe6e0-d033-11f0-adfd-15f38d7cdc8e
2026-02-25 14:52:39 - thingsboard-forecast - INFO - Forecast job 75b28bfd-af95-4f8c-bab9-80281ebde87e started in background
2026-02-25 14:52:39 - thingsboard-forecast - INFO - Starting forecast job 75b28bfd-af95-4f8c-bab9-80281ebde87e for main asset 1efbe6e0-d033-11f0-adfd-15f38d7cdc8e | already_have=True | start=2026-03-01T00:00:00 end=2026-03-31T00:00:00
2026-02-25 14:52:39 - thingsboard-forecast - INFO - Job 75b28bfd-af95-4f8c-bab9-80281ebde87e status updated to running
2026-02-25 14:52:40 - thingsboard-forecast - INFO - Retrieving assets from 1efbe6e0-d033-11f0-adfd-15f38d7cdc8e
2026-02-25 14:52:40 - thingsboard-forecast - INFO - Traversing asset hierarchy from 1efbe6e0-d033-11f0-adfd-15f38d7cdc8e to level 1
2026-02-25 14:52:40 - thingsboard-forecast - INFO - Authenticating with ThingsBoard...
2026-02-25 14:52:40 - thingsboard-forecast - INFO - Successfully authenticated with ThingsBoard
2026-02-25 14:52:41 - thingsboard-forecast - INFO - Level 1: Found 1 assets
2026-02-25 14:52:41 - thingsboard-forecast - INFO - Found 1 assets at level 1
2026-02-25 14:52:41 - thingsboard-forecast - INFO - Processing asset 1/1: 5551e5e0-df25-11f0-b68f-8f33a9d74e0c
2026-02-25 14:52:41 - thingsboard-forecast - INFO - Processing asset 5551e5e0-df25-11f0-b68f-8f33a9d74e0c
2026-02-25 14:52:41 - thingsboard-forecast - INFO - Retrieved 19 attributes for 5551e5e0-df25-11f0-b68f-8f33a9d74e0c
2026-02-25 14:52:41 - thingsboard-forecast - WARNING - No telemetry data in range for asset 5551e5e0-df25-11f0-b68f-8f33a9d74e0c
2026-02-25 14:52:41 - thingsboard-forecast - WARNING - Asset 5551e5e0-df25-11f0-b68f-8f33a9d74e0c lacks historical data in requested range; continuing with forecast-only generation
2026-02-25 14:52:41 - thingsboard-forecast - INFO - Running power prediction for 5551e5e0-df25-11f0-b68f-8f33a9d74e0c
2026-02-25 14:52:42 - thingsboard-forecast - INFO - Prediction completed for 5551e5e0-df25-11f0-b68f-8f33a9d74e0c: 38305.15 kWh total
2026-02-25 14:52:42 - thingsboard-forecast - INFO - Writing telemetry for 5551e5e0-df25-11f0-b68f-8f33a9d74e0c
2026-02-25 14:52:42 - thingsboard-forecast - INFO - Writing 31 telemetry records to 5551e5e0-df25-11f0-b68f-8f33a9d74e0c
2026-02-25 14:52:53 - thingsboard-forecast - INFO - Successfully wrote 31 records to 5551e5e0-df25-11f0-b68f-8f33a9d74e0c
2026-02-25 14:52:53 - thingsboard-forecast - INFO - Successfully wrote 31 telemetry records for 5551e5e0-df25-11f0-b68f-8f33a9d74e0c
2026-02-25 14:52:53 - thingsboard-forecast - INFO - Forecast job 75b28bfd-af95-4f8c-bab9-80281ebde87e completed: 1 successful, 0 failed, 0 skipped
2026-02-25 14:52:53 - thingsboard-forecast - INFO - Job 75b28bfd-af95-4f8c-bab9-80281ebde87e status updated to completed
2026-02-25 15:02:15 - thingsboard-forecast - INFO - ============================================================
2026-02-25 15:02:15 - thingsboard-forecast - INFO - Shutting down API service
2026-02-25 15:02:15 - thingsboard-forecast - INFO - ============================================================
2026-02-25 16:48:10 - thingsboard-forecast - INFO - ============================================================
2026-02-25 16:48:10 - thingsboard-forecast - INFO - Starting thingsboard-power-forecast-api v1.0.0
2026-02-25 16:48:10 - thingsboard-forecast - INFO - ============================================================
2026-02-25 16:48:10 - thingsboard-forecast - INFO - Configuration validated successfully
2026-02-25 16:48:10 - thingsboard-forecast - INFO - ThingsBoard Host: https://cloud.thingsnode.cc
2026-02-25 16:48:10 - thingsboard-forecast - INFO - Default Target Level: 3
2026-02-25 16:48:10 - thingsboard-forecast - INFO - Timezone: Asia/Colombo
2026-02-25 16:48:10 - thingsboard-forecast - INFO - API is ready to accept requests
2026-02-25 16:48:10 - thingsboard-forecast - INFO - ============================================================
2026-02-25 16:51:23 - thingsboard-forecast - INFO - Received forecast request for asset: 78fda490-e08b-11f0-b68f-8f33a9d74e0c | already_have=False | start=2026-02-24 end=2026-03-01
2026-02-25 16:51:23 - thingsboard-forecast - INFO - Authenticating with ThingsBoard...
2026-02-25 16:51:24 - thingsboard-forecast - INFO - Successfully authenticated with ThingsBoard
2026-02-25 16:51:24 - thingsboard-forecast - INFO - Created job 3c618eef-ac89-497c-9603-93b9914780c9 for asset 78fda490-e08b-11f0-b68f-8f33a9d74e0c
2026-02-25 16:51:24 - thingsboard-forecast - INFO - Forecast job 3c618eef-ac89-497c-9603-93b9914780c9 started in background
2026-02-25 16:51:24 - thingsboard-forecast - INFO - Starting forecast job 3c618eef-ac89-497c-9603-93b9914780c9 for main asset 78fda490-e08b-11f0-b68f-8f33a9d74e0c | already_have=False | start=2026-02-24T00:00:00 end=2026-03-01T00:00:00
2026-02-25 16:51:24 - thingsboard-forecast - INFO - Job 3c618eef-ac89-497c-9603-93b9914780c9 status updated to running
2026-02-25 16:51:25 - thingsboard-forecast - INFO - Retrieving assets from 78fda490-e08b-11f0-b68f-8f33a9d74e0c
2026-02-25 16:51:25 - thingsboard-forecast - INFO - Traversing asset hierarchy from 78fda490-e08b-11f0-b68f-8f33a9d74e0c to level 3
2026-02-25 16:51:25 - thingsboard-forecast - INFO - Authenticating with ThingsBoard...
2026-02-25 16:51:26 - thingsboard-forecast - INFO - Successfully authenticated with ThingsBoard
2026-02-25 16:51:26 - thingsboard-forecast - INFO - Level 1: Found 7 assets
2026-02-25 16:51:27 - thingsboard-forecast - INFO - Level 2: Found 11 assets
2026-02-25 16:51:30 - thingsboard-forecast - INFO - Level 3: Found 8 assets
2026-02-25 16:51:30 - thingsboard-forecast - INFO - Found 8 assets at level 3
2026-02-25 16:51:30 - thingsboard-forecast - INFO - Processing asset 1/8: 973a7ea0-f06d-11f0-af3b-45cf7f181cac
2026-02-25 16:51:30 - thingsboard-forecast - INFO - Processing asset 973a7ea0-f06d-11f0-af3b-45cf7f181cac
2026-02-25 16:51:30 - thingsboard-forecast - INFO - Retrieved 22 attributes for 973a7ea0-f06d-11f0-af3b-45cf7f181cac
2026-02-25 16:51:30 - thingsboard-forecast - INFO - Running power prediction for 973a7ea0-f06d-11f0-af3b-45cf7f181cac
2026-02-25 16:51:30 - thingsboard-forecast - INFO - Prediction completed for 973a7ea0-f06d-11f0-af3b-45cf7f181cac: 1190.53 kWh total
2026-02-25 16:51:30 - thingsboard-forecast - INFO - Writing telemetry for 973a7ea0-f06d-11f0-af3b-45cf7f181cac
2026-02-25 16:51:30 - thingsboard-forecast - INFO - Writing 6 telemetry records to 973a7ea0-f06d-11f0-af3b-45cf7f181cac
2026-02-25 16:51:32 - thingsboard-forecast - INFO - Successfully wrote 6 records to 973a7ea0-f06d-11f0-af3b-45cf7f181cac
2026-02-25 16:51:32 - thingsboard-forecast - INFO - Successfully wrote 6 telemetry records for 973a7ea0-f06d-11f0-af3b-45cf7f181cac
2026-02-25 16:51:32 - thingsboard-forecast - INFO - Processing asset 2/8: 10425f40-08a4-11f1-8bdd-cfe25c37864b
2026-02-25 16:51:32 - thingsboard-forecast - INFO - Processing asset 10425f40-08a4-11f1-8bdd-cfe25c37864b
2026-02-25 16:51:33 - thingsboard-forecast - INFO - Retrieved 21 attributes for 10425f40-08a4-11f1-8bdd-cfe25c37864b
2026-02-25 16:51:33 - thingsboard-forecast - WARNING - Asset 10425f40-08a4-11f1-8bdd-cfe25c37864b missing required attributes: ['inverter_power']
2026-02-25 16:51:33 - thingsboard-forecast - WARNING - Job 3c618eef-ac89-497c-9603-93b9914780c9 - Asset 10425f40-08a4-11f1-8bdd-cfe25c37864b error: missing_required_attributes
2026-02-25 16:51:33 - thingsboard-forecast - INFO - Processing asset 3/8: 87657cb0-08a4-11f1-8bdd-cfe25c37864b
2026-02-25 16:51:33 - thingsboard-forecast - INFO - Processing asset 87657cb0-08a4-11f1-8bdd-cfe25c37864b
2026-02-25 16:51:33 - thingsboard-forecast - INFO - Retrieved 22 attributes for 87657cb0-08a4-11f1-8bdd-cfe25c37864b
2026-02-25 16:51:33 - thingsboard-forecast - INFO - Running power prediction for 87657cb0-08a4-11f1-8bdd-cfe25c37864b
2026-02-25 16:51:33 - thingsboard-forecast - INFO - Prediction completed for 87657cb0-08a4-11f1-8bdd-cfe25c37864b: 6241.73 kWh total
2026-02-25 16:51:33 - thingsboard-forecast - INFO - Writing telemetry for 87657cb0-08a4-11f1-8bdd-cfe25c37864b
2026-02-25 16:51:33 - thingsboard-forecast - INFO - Writing 6 telemetry records to 87657cb0-08a4-11f1-8bdd-cfe25c37864b
2026-02-25 16:51:35 - thingsboard-forecast - INFO - Successfully wrote 6 records to 87657cb0-08a4-11f1-8bdd-cfe25c37864b
2026-02-25 16:51:35 - thingsboard-forecast - INFO - Successfully wrote 6 telemetry records for 87657cb0-08a4-11f1-8bdd-cfe25c37864b
2026-02-25 16:51:35 - thingsboard-forecast - INFO - Processing asset 4/8: fd2a80b0-116b-11f1-8d01-cff7a27c53e8
2026-02-25 16:51:35 - thingsboard-forecast - INFO - Processing asset fd2a80b0-116b-11f1-8d01-cff7a27c53e8
2026-02-25 16:51:35 - thingsboard-forecast - INFO - Retrieved 1 attributes for fd2a80b0-116b-11f1-8d01-cff7a27c53e8
2026-02-25 16:51:35 - thingsboard-forecast - WARNING - Asset fd2a80b0-116b-11f1-8d01-cff7a27c53e8 missing required attributes: ['latitude', 'longitude', 'orientation', 'pv_module_area', 'inverter_power']
2026-02-25 16:51:35 - thingsboard-forecast - WARNING - Job 3c618eef-ac89-497c-9603-93b9914780c9 - Asset fd2a80b0-116b-11f1-8d01-cff7a27c53e8 error: missing_required_attributes
2026-02-25 16:51:35 - thingsboard-forecast - INFO - Processing asset 5/8: 35fa65d0-08a3-11f1-8bdd-cfe25c37864b
2026-02-25 16:51:35 - thingsboard-forecast - INFO - Processing asset 35fa65d0-08a3-11f1-8bdd-cfe25c37864b
2026-02-25 16:51:35 - thingsboard-forecast - INFO - Retrieved 21 attributes for 35fa65d0-08a3-11f1-8bdd-cfe25c37864b
2026-02-25 16:51:35 - thingsboard-forecast - INFO - Running power prediction for 35fa65d0-08a3-11f1-8bdd-cfe25c37864b
2026-02-25 16:51:36 - thingsboard-forecast - ERROR - Power prediction failed for 35fa65d0-08a3-11f1-8bdd-cfe25c37864b: loop of ufunc does not support argument 0 of type NoneType which has no callable radians method
2026-02-25 16:51:36 - thingsboard-forecast - WARNING - Job 3c618eef-ac89-497c-9603-93b9914780c9 - Asset 35fa65d0-08a3-11f1-8bdd-cfe25c37864b error: forecast_calculation_error: loop of ufunc does not support argument 0 of type NoneType which has no callable radians method
2026-02-25 16:51:36 - thingsboard-forecast - INFO - Processing asset 6/8: c85151a0-08a3-11f1-8bdd-cfe25c37864b
2026-02-25 16:51:36 - thingsboard-forecast - INFO - Processing asset c85151a0-08a3-11f1-8bdd-cfe25c37864b
2026-02-25 16:51:36 - thingsboard-forecast - INFO - Retrieved 20 attributes for c85151a0-08a3-11f1-8bdd-cfe25c37864b
2026-02-25 16:51:36 - thingsboard-forecast - INFO - Running power prediction for c85151a0-08a3-11f1-8bdd-cfe25c37864b
2026-02-25 16:51:36 - thingsboard-forecast - INFO - Prediction completed for c85151a0-08a3-11f1-8bdd-cfe25c37864b: 4522.63 kWh total
2026-02-25 16:51:36 - thingsboard-forecast - INFO - Writing telemetry for c85151a0-08a3-11f1-8bdd-cfe25c37864b
2026-02-25 16:51:36 - thingsboard-forecast - INFO - Writing 6 telemetry records to c85151a0-08a3-11f1-8bdd-cfe25c37864b
2026-02-25 16:51:38 - thingsboard-forecast - INFO - Successfully wrote 6 records to c85151a0-08a3-11f1-8bdd-cfe25c37864b
2026-02-25 16:51:38 - thingsboard-forecast - INFO - Successfully wrote 6 telemetry records for c85151a0-08a3-11f1-8bdd-cfe25c37864b
2026-02-25 16:51:38 - thingsboard-forecast - INFO - Processing asset 7/8: 8ea89070-089f-11f1-8bdd-cfe25c37864b
2026-02-25 16:51:38 - thingsboard-forecast - INFO - Processing asset 8ea89070-089f-11f1-8bdd-cfe25c37864b
2026-02-25 16:51:39 - thingsboard-forecast - INFO - Retrieved 22 attributes for 8ea89070-089f-11f1-8bdd-cfe25c37864b
2026-02-25 16:51:39 - thingsboard-forecast - INFO - Running power prediction for 8ea89070-089f-11f1-8bdd-cfe25c37864b
2026-02-25 16:51:39 - thingsboard-forecast - INFO - Prediction completed for 8ea89070-089f-11f1-8bdd-cfe25c37864b: 2284.72 kWh total
2026-02-25 16:51:39 - thingsboard-forecast - INFO - Writing telemetry for 8ea89070-089f-11f1-8bdd-cfe25c37864b
2026-02-25 16:51:39 - thingsboard-forecast - INFO - Writing 6 telemetry records to 8ea89070-089f-11f1-8bdd-cfe25c37864b
2026-02-25 16:51:41 - thingsboard-forecast - INFO - Successfully wrote 6 records to 8ea89070-089f-11f1-8bdd-cfe25c37864b
2026-02-25 16:51:41 - thingsboard-forecast - INFO - Successfully wrote 6 telemetry records for 8ea89070-089f-11f1-8bdd-cfe25c37864b
2026-02-25 16:51:41 - thingsboard-forecast - INFO - Processing asset 8/8: 0c982af0-07ff-11f1-8bdd-cfe25c37864b
2026-02-25 16:51:41 - thingsboard-forecast - INFO - Processing asset 0c982af0-07ff-11f1-8bdd-cfe25c37864b
2026-02-25 16:51:41 - thingsboard-forecast - INFO - Retrieved 21 attributes for 0c982af0-07ff-11f1-8bdd-cfe25c37864b
2026-02-25 16:51:41 - thingsboard-forecast - WARNING - Asset 0c982af0-07ff-11f1-8bdd-cfe25c37864b missing required attributes: ['inverter_power']
2026-02-25 16:51:41 - thingsboard-forecast - WARNING - Job 3c618eef-ac89-497c-9603-93b9914780c9 - Asset 0c982af0-07ff-11f1-8bdd-cfe25c37864b error: missing_required_attributes
2026-02-25 16:51:41 - thingsboard-forecast - INFO - Forecast job 3c618eef-ac89-497c-9603-93b9914780c9 completed: 4 successful, 1 failed, 3 skipped
2026-02-25 16:51:41 - thingsboard-forecast - INFO - Job 3c618eef-ac89-497c-9603-93b9914780c9 status updated to completed
2026-02-25 17:00:40 - thingsboard-forecast - INFO - ============================================================
2026-02-25 17:00:40 - thingsboard-forecast - INFO - Shutting down API service
2026-02-25 17:00:40 - thingsboard-forecast - INFO - ============================================================
2026-02-25 21:47:36 - thingsboard-forecast - INFO - ============================================================
2026-02-25 21:47:36 - thingsboard-forecast - INFO - Starting thingsboard-power-forecast-api v1.0.0
2026-02-25 21:47:36 - thingsboard-forecast - INFO - ============================================================
2026-02-25 21:47:36 - thingsboard-forecast - INFO - Configuration validated successfully
2026-02-25 21:47:36 - thingsboard-forecast - INFO - ThingsBoard Host: https://cloud.thingsnode.cc
2026-02-25 21:47:36 - thingsboard-forecast - INFO - Default Target Level: 3
2026-02-25 21:47:36 - thingsboard-forecast - INFO - Timezone: Asia/Colombo
2026-02-25 21:47:36 - thingsboard-forecast - INFO - API is ready to accept requests
2026-02-25 21:47:36 - thingsboard-forecast - INFO - ============================================================
2026-02-25 21:49:23 - thingsboard-forecast - INFO - Received forecast request for asset: 78fda490-e08b-11f0-b68f-8f33a9d74e0c | already_have=False | start=2026-03-01 end=2026-04-30
2026-02-25 21:49:24 - thingsboard-forecast - INFO - Authenticating with ThingsBoard...
2026-02-25 21:49:25 - thingsboard-forecast - INFO - Successfully authenticated with ThingsBoard
2026-02-25 21:49:25 - thingsboard-forecast - INFO - Created job 42f2af22-353e-4cbe-865c-e86d384b3884 for asset 78fda490-e08b-11f0-b68f-8f33a9d74e0c
2026-02-25 21:49:25 - thingsboard-forecast - INFO - Forecast job 42f2af22-353e-4cbe-865c-e86d384b3884 started in background
2026-02-25 21:49:25 - thingsboard-forecast - INFO - Starting forecast job 42f2af22-353e-4cbe-865c-e86d384b3884 for main asset 78fda490-e08b-11f0-b68f-8f33a9d74e0c | already_have=False | start=2026-03-01T00:00:00 end=2026-04-30T00:00:00
2026-02-25 21:49:25 - thingsboard-forecast - INFO - Job 42f2af22-353e-4cbe-865c-e86d384b3884 status updated to running
2026-02-25 21:49:25 - thingsboard-forecast - INFO - Retrieving assets from 78fda490-e08b-11f0-b68f-8f33a9d74e0c
2026-02-25 21:49:25 - thingsboard-forecast - INFO - Traversing asset hierarchy from 78fda490-e08b-11f0-b68f-8f33a9d74e0c to level 3
2026-02-25 21:49:25 - thingsboard-forecast - INFO - Authenticating with ThingsBoard...
2026-02-25 21:49:26 - thingsboard-forecast - INFO - Successfully authenticated with ThingsBoard
2026-02-25 21:49:26 - thingsboard-forecast - INFO - Level 1: Found 7 assets
2026-02-25 21:49:28 - thingsboard-forecast - INFO - Level 2: Found 11 assets
2026-02-25 21:49:31 - thingsboard-forecast - INFO - Level 3: Found 8 assets
2026-02-25 21:49:31 - thingsboard-forecast - INFO - Found 8 assets at level 3
2026-02-25 21:49:31 - thingsboard-forecast - INFO - Processing asset 1/8: 973a7ea0-f06d-11f0-af3b-45cf7f181cac
2026-02-25 21:49:31 - thingsboard-forecast - INFO - Processing asset 973a7ea0-f06d-11f0-af3b-45cf7f181cac
2026-02-25 21:49:31 - thingsboard-forecast - INFO - Retrieved 22 attributes for 973a7ea0-f06d-11f0-af3b-45cf7f181cac
2026-02-25 21:49:31 - thingsboard-forecast - INFO - Running power prediction for 973a7ea0-f06d-11f0-af3b-45cf7f181cac
2026-02-25 21:49:33 - thingsboard-forecast - INFO - Prediction completed for 973a7ea0-f06d-11f0-af3b-45cf7f181cac: 14521.33 kWh total
2026-02-25 21:49:33 - thingsboard-forecast - INFO - Writing telemetry for 973a7ea0-f06d-11f0-af3b-45cf7f181cac
2026-02-25 21:49:33 - thingsboard-forecast - INFO - Writing 61 telemetry records to 973a7ea0-f06d-11f0-af3b-45cf7f181cac
2026-02-25 21:49:57 - thingsboard-forecast - INFO - Successfully wrote 61 records to 973a7ea0-f06d-11f0-af3b-45cf7f181cac
2026-02-25 21:49:57 - thingsboard-forecast - INFO - Successfully wrote 61 telemetry records for 973a7ea0-f06d-11f0-af3b-45cf7f181cac
2026-02-25 21:49:57 - thingsboard-forecast - INFO - Processing asset 2/8: 10425f40-08a4-11f1-8bdd-cfe25c37864b
2026-02-25 21:49:57 - thingsboard-forecast - INFO - Processing asset 10425f40-08a4-11f1-8bdd-cfe25c37864b
2026-02-25 21:49:57 - thingsboard-forecast - INFO - Retrieved 22 attributes for 10425f40-08a4-11f1-8bdd-cfe25c37864b
2026-02-25 21:49:57 - thingsboard-forecast - INFO - Running power prediction for 10425f40-08a4-11f1-8bdd-cfe25c37864b
2026-02-25 21:49:57 - thingsboard-forecast - INFO - Prediction completed for 10425f40-08a4-11f1-8bdd-cfe25c37864b: 15054.74 kWh total
2026-02-25 21:49:57 - thingsboard-forecast - INFO - Writing telemetry for 10425f40-08a4-11f1-8bdd-cfe25c37864b
2026-02-25 21:49:57 - thingsboard-forecast - INFO - Writing 61 telemetry records to 10425f40-08a4-11f1-8bdd-cfe25c37864b
2026-02-25 21:50:23 - thingsboard-forecast - INFO - Successfully wrote 61 records to 10425f40-08a4-11f1-8bdd-cfe25c37864b
2026-02-25 21:50:23 - thingsboard-forecast - INFO - Successfully wrote 61 telemetry records for 10425f40-08a4-11f1-8bdd-cfe25c37864b
2026-02-25 21:50:23 - thingsboard-forecast - INFO - Processing asset 3/8: 87657cb0-08a4-11f1-8bdd-cfe25c37864b
2026-02-25 21:50:23 - thingsboard-forecast - INFO - Processing asset 87657cb0-08a4-11f1-8bdd-cfe25c37864b
2026-02-25 21:50:23 - thingsboard-forecast - INFO - Retrieved 22 attributes for 87657cb0-08a4-11f1-8bdd-cfe25c37864b
2026-02-25 21:50:23 - thingsboard-forecast - INFO - Running power prediction for 87657cb0-08a4-11f1-8bdd-cfe25c37864b
2026-02-25 21:50:24 - thingsboard-forecast - INFO - Prediction completed for 87657cb0-08a4-11f1-8bdd-cfe25c37864b: 76998.42 kWh total
2026-02-25 21:50:24 - thingsboard-forecast - INFO - Writing telemetry for 87657cb0-08a4-11f1-8bdd-cfe25c37864b
2026-02-25 21:50:24 - thingsboard-forecast - INFO - Writing 61 telemetry records to 87657cb0-08a4-11f1-8bdd-cfe25c37864b
2026-02-25 21:50:49 - thingsboard-forecast - INFO - Successfully wrote 61 records to 87657cb0-08a4-11f1-8bdd-cfe25c37864b
2026-02-25 21:50:49 - thingsboard-forecast - INFO - Successfully wrote 61 telemetry records for 87657cb0-08a4-11f1-8bdd-cfe25c37864b
2026-02-25 21:50:49 - thingsboard-forecast - INFO - Processing asset 4/8: fd2a80b0-116b-11f1-8d01-cff7a27c53e8
2026-02-25 21:50:49 - thingsboard-forecast - INFO - Processing asset fd2a80b0-116b-11f1-8d01-cff7a27c53e8
2026-02-25 21:50:50 - thingsboard-forecast - INFO - Retrieved 1 attributes for fd2a80b0-116b-11f1-8d01-cff7a27c53e8
2026-02-25 21:50:50 - thingsboard-forecast - WARNING - Asset fd2a80b0-116b-11f1-8d01-cff7a27c53e8 missing required attributes: ['latitude', 'longitude', 'orientation', 'pv_module_area', 'inverter_power']
2026-02-25 21:50:50 - thingsboard-forecast - WARNING - Job 42f2af22-353e-4cbe-865c-e86d384b3884 - Asset fd2a80b0-116b-11f1-8d01-cff7a27c53e8 error: missing_required_attributes
2026-02-25 21:50:50 - thingsboard-forecast - INFO - Processing asset 5/8: 35fa65d0-08a3-11f1-8bdd-cfe25c37864b
2026-02-25 21:50:50 - thingsboard-forecast - INFO - Processing asset 35fa65d0-08a3-11f1-8bdd-cfe25c37864b
2026-02-25 21:50:50 - thingsboard-forecast - INFO - Retrieved 22 attributes for 35fa65d0-08a3-11f1-8bdd-cfe25c37864b
2026-02-25 21:50:50 - thingsboard-forecast - INFO - Running power prediction for 35fa65d0-08a3-11f1-8bdd-cfe25c37864b
2026-02-25 21:50:50 - thingsboard-forecast - ERROR - Power prediction failed for 35fa65d0-08a3-11f1-8bdd-cfe25c37864b: loop of ufunc does not support argument 0 of type NoneType which has no callable radians method
2026-02-25 21:50:50 - thingsboard-forecast - WARNING - Job 42f2af22-353e-4cbe-865c-e86d384b3884 - Asset 35fa65d0-08a3-11f1-8bdd-cfe25c37864b error: forecast_calculation_error: loop of ufunc does not support argument 0 of type NoneType which has no callable radians method
2026-02-25 21:50:50 - thingsboard-forecast - INFO - Processing asset 6/8: c85151a0-08a3-11f1-8bdd-cfe25c37864b
2026-02-25 21:50:50 - thingsboard-forecast - INFO - Processing asset c85151a0-08a3-11f1-8bdd-cfe25c37864b
2026-02-25 21:50:50 - thingsboard-forecast - INFO - Retrieved 22 attributes for c85151a0-08a3-11f1-8bdd-cfe25c37864b
2026-02-25 21:50:50 - thingsboard-forecast - INFO - Running power prediction for c85151a0-08a3-11f1-8bdd-cfe25c37864b
2026-02-25 21:50:51 - thingsboard-forecast - INFO - Prediction completed for c85151a0-08a3-11f1-8bdd-cfe25c37864b: 55796.61 kWh total
2026-02-25 21:50:51 - thingsboard-forecast - INFO - Writing telemetry for c85151a0-08a3-11f1-8bdd-cfe25c37864b
2026-02-25 21:50:51 - thingsboard-forecast - INFO - Writing 61 telemetry records to c85151a0-08a3-11f1-8bdd-cfe25c37864b
2026-02-25 21:51:16 - thingsboard-forecast - INFO - Successfully wrote 61 records to c85151a0-08a3-11f1-8bdd-cfe25c37864b
2026-02-25 21:51:16 - thingsboard-forecast - INFO - Successfully wrote 61 telemetry records for c85151a0-08a3-11f1-8bdd-cfe25c37864b
2026-02-25 21:51:16 - thingsboard-forecast - INFO - Processing asset 7/8: 8ea89070-089f-11f1-8bdd-cfe25c37864b
2026-02-25 21:51:16 - thingsboard-forecast - INFO - Processing asset 8ea89070-089f-11f1-8bdd-cfe25c37864b
2026-02-25 21:51:16 - thingsboard-forecast - INFO - Retrieved 22 attributes for 8ea89070-089f-11f1-8bdd-cfe25c37864b
2026-02-25 21:51:16 - thingsboard-forecast - INFO - Running power prediction for 8ea89070-089f-11f1-8bdd-cfe25c37864b
2026-02-25 21:51:17 - thingsboard-forecast - INFO - Prediction completed for 8ea89070-089f-11f1-8bdd-cfe25c37864b: 28452.62 kWh total
2026-02-25 21:51:17 - thingsboard-forecast - INFO - Writing telemetry for 8ea89070-089f-11f1-8bdd-cfe25c37864b
2026-02-25 21:51:17 - thingsboard-forecast - INFO - Writing 61 telemetry records to 8ea89070-089f-11f1-8bdd-cfe25c37864b
2026-02-25 21:51:41 - thingsboard-forecast - INFO - Successfully wrote 61 records to 8ea89070-089f-11f1-8bdd-cfe25c37864b
2026-02-25 21:51:41 - thingsboard-forecast - INFO - Successfully wrote 61 telemetry records for 8ea89070-089f-11f1-8bdd-cfe25c37864b
2026-02-25 21:51:41 - thingsboard-forecast - INFO - Processing asset 8/8: 0c982af0-07ff-11f1-8bdd-cfe25c37864b
2026-02-25 21:51:41 - thingsboard-forecast - INFO - Processing asset 0c982af0-07ff-11f1-8bdd-cfe25c37864b
2026-02-25 21:51:41 - thingsboard-forecast - INFO - Retrieved 22 attributes for 0c982af0-07ff-11f1-8bdd-cfe25c37864b
2026-02-25 21:51:41 - thingsboard-forecast - INFO - Running power prediction for 0c982af0-07ff-11f1-8bdd-cfe25c37864b
2026-02-25 21:51:41 - thingsboard-forecast - ERROR - Power prediction failed for 0c982af0-07ff-11f1-8bdd-cfe25c37864b: int() argument must be a string, a bytes-like object or a real number, not 'NoneType'
2026-02-25 21:51:41 - thingsboard-forecast - WARNING - Job 42f2af22-353e-4cbe-865c-e86d384b3884 - Asset 0c982af0-07ff-11f1-8bdd-cfe25c37864b error: forecast_calculation_error: int() argument must be a string, a bytes-like object or a real number, not 'NoneType'
2026-02-25 21:51:41 - thingsboard-forecast - INFO - Forecast job 42f2af22-353e-4cbe-865c-e86d384b3884 completed: 5 successful, 2 failed, 1 skipped
2026-02-25 21:51:41 - thingsboard-forecast - INFO - Job 42f2af22-353e-4cbe-865c-e86d384b3884 status updated to completed
2026-02-25 23:03:29 - thingsboard-forecast - INFO - Received forecast request for asset: 78fda490-e08b-11f0-b68f-8f33a9d74e0c | already_have=False | start=2026-02-24 end=2026-03-01
2026-02-25 23:03:29 - thingsboard-forecast - INFO - Authenticating with ThingsBoard...
2026-02-25 23:03:30 - thingsboard-forecast - INFO - Successfully authenticated with ThingsBoard
2026-02-25 23:03:30 - thingsboard-forecast - INFO - Created job 89d5921f-097c-4ac7-9bfd-f176f67a4a42 for asset 78fda490-e08b-11f0-b68f-8f33a9d74e0c
2026-02-25 23:03:30 - thingsboard-forecast - INFO - Forecast job 89d5921f-097c-4ac7-9bfd-f176f67a4a42 started in background
2026-02-25 23:03:30 - thingsboard-forecast - INFO - Starting forecast job 89d5921f-097c-4ac7-9bfd-f176f67a4a42 for main asset 78fda490-e08b-11f0-b68f-8f33a9d74e0c | already_have=False | start=2026-02-24T00:00:00 end=2026-03-01T00:00:00
2026-02-25 23:03:30 - thingsboard-forecast - INFO - Job 89d5921f-097c-4ac7-9bfd-f176f67a4a42 status updated to running
2026-02-25 23:03:31 - thingsboard-forecast - INFO - Retrieving assets from 78fda490-e08b-11f0-b68f-8f33a9d74e0c
2026-02-25 23:03:31 - thingsboard-forecast - INFO - Traversing asset hierarchy from 78fda490-e08b-11f0-b68f-8f33a9d74e0c to level 3
2026-02-25 23:03:31 - thingsboard-forecast - INFO - Authenticating with ThingsBoard...
2026-02-25 23:03:32 - thingsboard-forecast - INFO - Successfully authenticated with ThingsBoard
2026-02-25 23:03:32 - thingsboard-forecast - INFO - Level 1: Found 7 assets
2026-02-25 23:03:34 - thingsboard-forecast - INFO - Level 2: Found 11 assets
2026-02-25 23:03:37 - thingsboard-forecast - INFO - Level 3: Found 8 assets
2026-02-25 23:03:37 - thingsboard-forecast - INFO - Found 8 assets at level 3
2026-02-25 23:03:37 - thingsboard-forecast - INFO - Processing asset 1/8: 973a7ea0-f06d-11f0-af3b-45cf7f181cac
2026-02-25 23:03:37 - thingsboard-forecast - INFO - Processing asset 973a7ea0-f06d-11f0-af3b-45cf7f181cac
2026-02-25 23:03:37 - thingsboard-forecast - INFO - Retrieved 22 attributes for 973a7ea0-f06d-11f0-af3b-45cf7f181cac
2026-02-25 23:03:37 - thingsboard-forecast - INFO - Running power prediction for 973a7ea0-f06d-11f0-af3b-45cf7f181cac
2026-02-25 23:03:37 - thingsboard-forecast - INFO - Prediction completed for 973a7ea0-f06d-11f0-af3b-45cf7f181cac: 1190.53 kWh total
2026-02-25 23:03:37 - thingsboard-forecast - INFO - Writing telemetry for 973a7ea0-f06d-11f0-af3b-45cf7f181cac
2026-02-25 23:03:37 - thingsboard-forecast - INFO - Writing 6 telemetry records to 973a7ea0-f06d-11f0-af3b-45cf7f181cac
2026-02-25 23:03:39 - thingsboard-forecast - INFO - Successfully wrote 6 records to 973a7ea0-f06d-11f0-af3b-45cf7f181cac
2026-02-25 23:03:39 - thingsboard-forecast - INFO - Successfully wrote 6 telemetry records for 973a7ea0-f06d-11f0-af3b-45cf7f181cac
2026-02-25 23:03:39 - thingsboard-forecast - INFO - Processing asset 2/8: 10425f40-08a4-11f1-8bdd-cfe25c37864b
2026-02-25 23:03:39 - thingsboard-forecast - INFO - Processing asset 10425f40-08a4-11f1-8bdd-cfe25c37864b
2026-02-25 23:03:40 - thingsboard-forecast - INFO - Retrieved 22 attributes for 10425f40-08a4-11f1-8bdd-cfe25c37864b
2026-02-25 23:03:40 - thingsboard-forecast - INFO - Running power prediction for 10425f40-08a4-11f1-8bdd-cfe25c37864b
2026-02-25 23:03:40 - thingsboard-forecast - INFO - Prediction completed for 10425f40-08a4-11f1-8bdd-cfe25c37864b: 1231.88 kWh total
2026-02-25 23:03:40 - thingsboard-forecast - INFO - Writing telemetry for 10425f40-08a4-11f1-8bdd-cfe25c37864b
2026-02-25 23:03:40 - thingsboard-forecast - INFO - Writing 6 telemetry records to 10425f40-08a4-11f1-8bdd-cfe25c37864b
2026-02-25 23:03:42 - thingsboard-forecast - INFO - Successfully wrote 6 records to 10425f40-08a4-11f1-8bdd-cfe25c37864b
2026-02-25 23:03:42 - thingsboard-forecast - INFO - Successfully wrote 6 telemetry records for 10425f40-08a4-11f1-8bdd-cfe25c37864b
2026-02-25 23:03:42 - thingsboard-forecast - INFO - Processing asset 3/8: 87657cb0-08a4-11f1-8bdd-cfe25c37864b
2026-02-25 23:03:42 - thingsboard-forecast - INFO - Processing asset 87657cb0-08a4-11f1-8bdd-cfe25c37864b
2026-02-25 23:03:42 - thingsboard-forecast - INFO - Retrieved 22 attributes for 87657cb0-08a4-11f1-8bdd-cfe25c37864b
2026-02-25 23:03:42 - thingsboard-forecast - INFO - Running power prediction for 87657cb0-08a4-11f1-8bdd-cfe25c37864b
2026-02-25 23:03:42 - thingsboard-forecast - INFO - Prediction completed for 87657cb0-08a4-11f1-8bdd-cfe25c37864b: 6241.73 kWh total
2026-02-25 23:03:42 - thingsboard-forecast - INFO - Writing telemetry for 87657cb0-08a4-11f1-8bdd-cfe25c37864b
2026-02-25 23:03:42 - thingsboard-forecast - INFO - Writing 6 telemetry records to 87657cb0-08a4-11f1-8bdd-cfe25c37864b
2026-02-25 23:03:45 - thingsboard-forecast - INFO - Successfully wrote 6 records to 87657cb0-08a4-11f1-8bdd-cfe25c37864b
2026-02-25 23:03:45 - thingsboard-forecast - INFO - Successfully wrote 6 telemetry records for 87657cb0-08a4-11f1-8bdd-cfe25c37864b
2026-02-25 23:03:45 - thingsboard-forecast - INFO - Processing asset 4/8: fd2a80b0-116b-11f1-8d01-cff7a27c53e8
2026-02-25 23:03:45 - thingsboard-forecast - INFO - Processing asset fd2a80b0-116b-11f1-8d01-cff7a27c53e8
2026-02-25 23:03:45 - thingsboard-forecast - INFO - Retrieved 1 attributes for fd2a80b0-116b-11f1-8d01-cff7a27c53e8
2026-02-25 23:03:45 - thingsboard-forecast - WARNING - Asset fd2a80b0-116b-11f1-8d01-cff7a27c53e8 missing required attributes: ['latitude', 'longitude', 'orientation', 'pv_module_area', 'inverter_power']
2026-02-25 23:03:45 - thingsboard-forecast - WARNING - Job 89d5921f-097c-4ac7-9bfd-f176f67a4a42 - Asset fd2a80b0-116b-11f1-8d01-cff7a27c53e8 error: missing_required_attributes
2026-02-25 23:03:45 - thingsboard-forecast - INFO - Processing asset 5/8: 35fa65d0-08a3-11f1-8bdd-cfe25c37864b
2026-02-25 23:03:45 - thingsboard-forecast - INFO - Processing asset 35fa65d0-08a3-11f1-8bdd-cfe25c37864b
2026-02-25 23:03:45 - thingsboard-forecast - INFO - Retrieved 22 attributes for 35fa65d0-08a3-11f1-8bdd-cfe25c37864b
2026-02-25 23:03:45 - thingsboard-forecast - INFO - Running power prediction for 35fa65d0-08a3-11f1-8bdd-cfe25c37864b
2026-02-25 23:03:45 - thingsboard-forecast - ERROR - Power prediction failed for 35fa65d0-08a3-11f1-8bdd-cfe25c37864b: loop of ufunc does not support argument 0 of type NoneType which has no callable radians method
2026-02-25 23:03:45 - thingsboard-forecast - WARNING - Job 89d5921f-097c-4ac7-9bfd-f176f67a4a42 - Asset 35fa65d0-08a3-11f1-8bdd-cfe25c37864b error: forecast_calculation_error: loop of ufunc does not support argument 0 of type NoneType which has no callable radians method
2026-02-25 23:03:45 - thingsboard-forecast - INFO - Processing asset 6/8: c85151a0-08a3-11f1-8bdd-cfe25c37864b
2026-02-25 23:03:45 - thingsboard-forecast - INFO - Processing asset c85151a0-08a3-11f1-8bdd-cfe25c37864b
2026-02-25 23:03:46 - thingsboard-forecast - INFO - Retrieved 22 attributes for c85151a0-08a3-11f1-8bdd-cfe25c37864b
2026-02-25 23:03:46 - thingsboard-forecast - INFO - Running power prediction for c85151a0-08a3-11f1-8bdd-cfe25c37864b
2026-02-25 23:03:46 - thingsboard-forecast - INFO - Prediction completed for c85151a0-08a3-11f1-8bdd-cfe25c37864b: 4522.63 kWh total
2026-02-25 23:03:46 - thingsboard-forecast - INFO - Writing telemetry for c85151a0-08a3-11f1-8bdd-cfe25c37864b
2026-02-25 23:03:46 - thingsboard-forecast - INFO - Writing 6 telemetry records to c85151a0-08a3-11f1-8bdd-cfe25c37864b
2026-02-25 23:03:48 - thingsboard-forecast - INFO - Successfully wrote 6 records to c85151a0-08a3-11f1-8bdd-cfe25c37864b
2026-02-25 23:03:48 - thingsboard-forecast - INFO - Successfully wrote 6 telemetry records for c85151a0-08a3-11f1-8bdd-cfe25c37864b
2026-02-25 23:03:48 - thingsboard-forecast - INFO - Processing asset 7/8: 8ea89070-089f-11f1-8bdd-cfe25c37864b
2026-02-25 23:03:48 - thingsboard-forecast - INFO - Processing asset 8ea89070-089f-11f1-8bdd-cfe25c37864b
2026-02-25 23:03:49 - thingsboard-forecast - INFO - Retrieved 22 attributes for 8ea89070-089f-11f1-8bdd-cfe25c37864b
2026-02-25 23:03:49 - thingsboard-forecast - INFO - Running power prediction for 8ea89070-089f-11f1-8bdd-cfe25c37864b
2026-02-25 23:03:49 - thingsboard-forecast - INFO - Prediction completed for 8ea89070-089f-11f1-8bdd-cfe25c37864b: 2284.72 kWh total
2026-02-25 23:03:49 - thingsboard-forecast - INFO - Writing telemetry for 8ea89070-089f-11f1-8bdd-cfe25c37864b
2026-02-25 23:03:49 - thingsboard-forecast - INFO - Writing 6 telemetry records to 8ea89070-089f-11f1-8bdd-cfe25c37864b
2026-02-25 23:03:51 - thingsboard-forecast - INFO - Successfully wrote 6 records to 8ea89070-089f-11f1-8bdd-cfe25c37864b
2026-02-25 23:03:51 - thingsboard-forecast - INFO - Successfully wrote 6 telemetry records for 8ea89070-089f-11f1-8bdd-cfe25c37864b
2026-02-25 23:03:51 - thingsboard-forecast - INFO - Processing asset 8/8: 0c982af0-07ff-11f1-8bdd-cfe25c37864b
2026-02-25 23:03:51 - thingsboard-forecast - INFO - Processing asset 0c982af0-07ff-11f1-8bdd-cfe25c37864b
2026-02-25 23:03:51 - thingsboard-forecast - INFO - Retrieved 22 attributes for 0c982af0-07ff-11f1-8bdd-cfe25c37864b
2026-02-25 23:03:51 - thingsboard-forecast - INFO - Running power prediction for 0c982af0-07ff-11f1-8bdd-cfe25c37864b
2026-02-25 23:03:51 - thingsboard-forecast - ERROR - Power prediction failed for 0c982af0-07ff-11f1-8bdd-cfe25c37864b: int() argument must be a string, a bytes-like object or a real number, not 'NoneType'
2026-02-25 23:03:51 - thingsboard-forecast - WARNING - Job 89d5921f-097c-4ac7-9bfd-f176f67a4a42 - Asset 0c982af0-07ff-11f1-8bdd-cfe25c37864b error: forecast_calculation_error: int() argument must be a string, a bytes-like object or a real number, not 'NoneType'
2026-02-25 23:03:51 - thingsboard-forecast - INFO - Forecast job 89d5921f-097c-4ac7-9bfd-f176f67a4a42 completed: 5 successful, 2 failed, 1 skipped
2026-02-25 23:03:51 - thingsboard-forecast - INFO - Job 89d5921f-097c-4ac7-9bfd-f176f67a4a42 status updated to completed
2026-02-26 09:00:47 - thingsboard-forecast - INFO - ============================================================
2026-02-26 09:00:47 - thingsboard-forecast - INFO - Shutting down API service
2026-02-26 09:00:47 - thingsboard-forecast - INFO - ============================================================
